package,path
AA228Student,sisl/aa228student.jl
AbaqusReader,juliafem/abaqusreader.jl
AbstractAlgebra,wbhart/abstractalgebra.jl
AbstractFFTs,juliamath/abstractffts.jl
AbstractLogic,econometricsbysimulation/abstractlogic.jl
AbstractMCMC,turinglang/abstractmcmc.jl
AbstractNumbers,simondanisch/abstractnumbers.jl
AbstractOperators,kul-forbes/abstractoperators.jl
AbstractPlotting,juliaplots/abstractplotting.jl
AbstractTensors,chakravala/abstracttensors.jl
AbstractTrees,juliacollections/abstracttrees.jl
AcceleratedArrays,andyferris/acceleratedarrays.jl
AcceleratedFailure,piever/acceleratedfailure.jl
AccurateArithmetic,juliamath/accuratearithmetic.jl
AcFDTD,nantonel/acfdtd.jl
ACME,hsu-ant/acme.jl
Acorn,nick-paul/acorn.jl
ActiveAppearanceModels,dfdx/activeappearancemodels.jl
ActuarialScience,juliaactuary/actuarialscience.jl
AdaGram,sbos/adagram.jl
Adapt,juliagpu/adapt.jl
ADCME,kailaix/adcme.jl
AdmittanceModels,rigetti/admittancemodels.jl
AdvancedHMC,turinglang/advancedhmc.jl
AdvancedMH,turinglang/advancedmh.jl
AdvancedVI,turinglang/advancedvi.jl
AdversarialPrediction,rizalzaf/adversarialprediction.jl
AES,faf0/aes.jl
AffineArithmetic,juliaintervals/affinearithmetic.jl
AffineInvariantMCMC,madsjulia/affineinvariantmcmc.jl
Agents,juliadynamics/agents.jl
AIBECS,briochemc/aibecs.jl
AIControl,suinleelab/aicontrol.jl
AkazeFeatures,nlw0/akazefeatures.jl
alg4opt_test,tawheeler/alg4opt_test.jl
AlgebraicMultigrid,julialinearalgebra/algebraicmultigrid.jl
AlgebraicNumbers,anj1/algebraicnumbers.jl
AlgebraOfGraphics,juliaplots/algebraofgraphics.jl
AlgorithmsFromTheBook,kennethlange/algorithmsfromthebook.jl
Alloc,fluxml/alloc.jl
AlphaGo,tejank10/alphago.jl
AlphaVantage,ellisvalentiner/alphavantage.jl
AlphaZero,jonathan-laurent/alphazero.jl
Alpine,lanl-ansi/alpine.jl
Amb,shashi/amb.jl
AMDGPUnative,juliagpu/amdgpunative.jl
AmplNLReader,juliasmoothoptimizers/amplnlreader.jl
AmplNLWriter,juliaopt/amplnlwriter.jl
AMQPClient,juliacomputing/amqpclient.jl
AnalyticalEngine,tlienart/analyticalengine.jl
Anamnesis,expandingman/anamnesis.jl
Anasol,madsjulia/anasol.jl
AngleBetweenVectors,jeffreysarnoff/anglebetweenvectors.jl
Animations,jkrumbiegel/animations.jl
ANN,ericchiang/ann.jl
AnomalyDetection,smidl/anomalydetection.jl
ANOVA,marcpabst/anova.jl
ANTsRegistration,timholy/antsregistration.jl
AnyBoost,rakeshvar/anyboost.jl
anyMOD,leonardgoeke/anymod.jl
APL,shashi/apl.jl
AppleAccelerate,juliamath/appleaccelerate.jl
ApplicationBuilder,nhdaly/applicationbuilder.jl
ApproxBayes,marcjwilliams1/approxbayes.jl
ApproXD,floswald/approxd.jl
ApproxFun,juliaapproximation/approxfun.jl
AprilTags,juliarobotics/apriltags.jl
Aqua,tkf/aqua.jl
ArbFloats,juliaarbtypes/arbfloats.jl
ArbNumerics,jeffreysarnoff/arbnumerics.jl
ArcadeLearningEnvironment,nowozin/arcadelearningenvironment.jl
ArchGDAL,yeesian/archgdal.jl
ARCHModels,s-broda/archmodels.jl
Arena,juliarobotics/arena.jl
ARFIMA,datseris/arfima.jl
ArgCheck,jw3126/argcheck.jl
ArgParse,carlobaldassi/argparse.jl
ArgParse2,kmsquire/argparse2.jl
ArnoldiMethod,haampie/arnoldimethod.jl
Arpack,julialinearalgebra/arpack.jl
ArrayFire,juliagpu/arrayfire.jl
ArrayInterface,sciml/arrayinterface.jl
ArrayIteration,timholy/arrayiteration.jl
ArrayLayouts,juliamatrices/arraylayouts.jl
ArraysOfArrays,juliaarrays/arraysofarrays.jl
ArrayViews,juliaarrays/arrayviews.jl
Arrow,expandingman/arrow.jl
Arrowhead,ivanslapnicar/arrowhead.jl
Arrows,zenna/arrows.jl
ARules,bcbi/arules.jl
ArviZ,arviz-devs/arviz.jl
ASCIIPlots,johnmyleswhite/asciiplots.jl
ASDF,eschnett/asdf.jl
ASE,juliamolsim/ase.jl
AsmMacro,yingboma/asmmacro.jl
AssetRegistry,juliagizmos/assetregistry.jl
ASTInterpreter2,juliadebug/astinterpreter2.jl
AstroBase,juliaastro/astrobase.jl
Astrodynamics,juliaspace/astrodynamics.jl
AstroImages,juliaastro/astroimages.jl
AstroLib,juliaastro/astrolib.jl
AstroTime,juliaastro/astrotime.jl
AsyPlots,sswatson/asyplots.jl
AtariAlgos,juliaml/atarialgos.jl
AtlasRobot,tkoolen/atlasrobot.jl
Atom,junolab/atom.jl
AugmentedGaussianProcesses,theogf/augmentedgaussianprocesses.jl
Augmentor,evizero/augmentor.jl
AutoAligns,tpapp/autoaligns.jl
AutoGrad,denizyuret/autograd.jl
AutoHashEquals,andrewcooke/autohashequals.jl
Automa,biojulia/automa.jl
AutomaticDocstrings,baggepinnen/automaticdocstrings.jl
AutoMLPipeline,ibm/automlpipeline.jl
AutomotiveDrivingModels,sisl/automotivedrivingmodels.jl
AutonomousMerging,sisl/autonomousmerging.jl
AutoOffload,sciml/autooffload.jl
AutoPreallocation,oxinabox/autopreallocation.jl
AutoViz,sisl/autoviz.jl
AverageShiftedHistograms,joshday/averageshiftedhistograms.jl
Avro,hydrotoast/avro.jl
AWS,juliacloud/aws.jl
AWSCore,juliacloud/awscore.jl
AWSS3,juliacloud/awss3.jl
AWSSDK,juliacloud/awssdk.jl
AxisAlgorithms,timholy/axisalgorithms.jl
AxisArrays,juliaarrays/axisarrays.jl
AxisKeys,mcabbott/axiskeys.jl
BackwardsLinalg,giggleliu/backwardslinalg.jl
BandedMatrices,juliamatrices/bandedmatrices.jl
Bandits,rawls238/bandits.jl
BangBang,tkf/bangbang.jl
BARON,joehuchette/baron.jl
BaseBenchmarks,juliaci/basebenchmarks.jl
BasicPOMCP,juliapomdp/basicpomcp.jl
BasisFunctionExpansions,baggepinnen/basisfunctionexpansions.jl
BasisFunctions,juliaapproximation/basisfunctions.jl
BasisMatrices,quantecon/basismatrices.jl
BAT,bat/bat.jl
Batched,roger-luo/batched.jl
BatchedRoutines,roger-luo/batchedroutines.jl
BayesianLinearRegressors,willtebbutt/bayesianlinearregressors.jl
BayesianOptimization,jbrea/bayesianoptimization.jl
BayesNets,sisl/bayesnets.jl
BayesTesting,tszanalytics/bayestesting.jl
BDF,sam81/bdf.jl
BeaData,stephenbnicar/beadata.jl
BEAST,krcools/beast.jl
BeatSaber,lucienmaloney/beatsaber.jl
BenchmarkCI,tkf/benchmarkci.jl
BenchmarkProfiles,juliasmoothoptimizers/benchmarkprofiles.jl
BenchmarksGame,juliaperf/benchmarksgame.jl
BenchmarkTools,juliaci/benchmarktools.jl
BernsteinExpansions,juliareach/bernsteinexpansions.jl
BetaVQE,wangleiphy/betavqe.jl
BFloat16s,juliacomputing/bfloat16s.jl
BibTeXFormat,lucianolorenti/bibtexformat.jl
Bifurcations,tkf/bifurcations.jl
BigArrays,seung-lab/bigarrays.jl
BIGUQ,madsjulia/biguq.jl
Bijections,scheinerman/bijections.jl
Bijectors,turinglang/bijectors.jl
BilevelJuMP,joaquimg/bileveljump.jl
BilevelOptimization,matbesancon/bileveloptimization.jl
BinaryBuilder,juliapackaging/binarybuilder.jl
BinaryProvider,juliapackaging/binaryprovider.jl
BinaryTraits,tk3369/binarytraits.jl
BinDeps,juliapackaging/bindeps.jl
BinningAnalysis,crstnbr/binninganalysis.jl
Bio,biojulia/bio.jl
Bio3DView,jgreener64/bio3dview.jl
BioAlignments,biojulia/bioalignments.jl
BioEnergeticFoodWebs,poisotlab/bioenergeticfoodwebs.jl
BioformatsLoader,ahnlabb/bioformatsloader.jl
BioGenerics,biojulia/biogenerics.jl
BioMedQuery,bcbi/biomedquery.jl
BioSequences,biojulia/biosequences.jl
BioServices,biojulia/bioservices.jl
BioSimulator,alanderos91/biosimulator.jl
BioStructures,biojulia/biostructures.jl
BioSymbols,biojulia/biosymbols.jl
BitIntegers,rfourquet/bitintegers.jl
BKMaxflow,gnimuc/bkmaxflow.jl
BlackBoxOptim,robertfeldt/blackboxoptim.jl
BlackBoxOptimizationBenchmarking,jonathanbieler/blackboxoptimizationbenchmarking.jl
Blink,juliagizmos/blink.jl
Blobs,relationalai-oss/blobs.jl
BlobTracking,baggepinnen/blobtracking.jl
BlockArrays,juliaarrays/blockarrays.jl
BlockBandedMatrices,juliamatrices/blockbandedmatrices.jl
BlockDecomposition,atoptima/blockdecomposition.jl
BlockDiagonals,invenia/blockdiagonals.jl
BloomFilters,johnmyleswhite/bloomfilters.jl
Blosc,stevengj/blosc.jl
BlossomMatching,juliagraphs/blossommatching.jl
BlsData,micahjsmith/blsdata.jl
Boltzmann,dfdx/boltzmann.jl
BoltzmannMachines,stefan-m-lenz/boltzmannmachines.jl
Bootstrap,juliangehring/bootstrap.jl
BoundaryValueDiffEq,sciml/boundaryvaluediffeq.jl
BoxCoxTrans,tk3369/boxcoxtrans.jl
BrainWave,sam81/brainwave.jl
BranchAndPrune,kolaru/branchandprune.jl
BridgeSDEInference,mmider/bridgesdeinference.jl
BrkgaMpIpr,ceandrade/brkgampipr.jl
Brochure,roger-luo/brochure.jl
BrowseTables,tpapp/browsetables.jl
BSON,juliaio/bson.jl
BSONMmap,astupidbear/bsonmmap.jl
BTCParser,gdkrmr/btcparser.jl
BufferedStreams,biojulia/bufferedstreams.jl
Bukdu,wookay/bukdu.jl
BusinessDays,juliafinance/businessdays.jl
Caching,zgornel/caching.jl
Caesar,juliarobotics/caesar.jl
Cairo,juliagraphics/cairo.jl
CairoMakie,juliaplots/cairomakie.jl
Calculus,juliamath/calculus.jl
CalibrateEmulateSample,climate-machine/calibrateemulatesample.jl
Canary,climate-machine/canary.jl
CanonicalTraits,thautwarm/canonicaltraits.jl
CardinalDicts,jeffreysarnoff/cardinaldicts.jl
Cartesian,timholy/cartesian.jl
Cascadia,algocircle/cascadia.jl
Cassette,jrevels/cassette.jl
CategoricalArrays,juliadata/categoricalarrays.jl
Catlab,epatters/catlab.jl
CatViews,ahwillia/catviews.jl
CausalInference,mschauer/causalinference.jl
Cbc,juliaopt/cbc.jl
CBinding,analytech-solutions/cbinding.jl
CBindingGen,analytech-solutions/cbindinggen.jl
CBOR,juliaio/cbor.jl
CcallMacros,ninjaaron/ccallmacros.jl
CDDLib,juliapolyhedra/cddlib.jl
CellFishing,bicycle1885/cellfishing.jl
CGP,d9w/cgp.jl
ChainRules,juliadiff/chainrules.jl
ChainRulesCore,juliadiff/chainrulescore.jl
Changepoints,stor-i/changepoints.jl
ChangePrecision,stevengj/changeprecision.jl
ChaosTools,juliadynamics/chaostools.jl
CharibdeOptim,juliaintervals/charibdeoptim.jl
Charlotte,mikeinnes/charlotte.jl
ChebyshevApprox,rjdennis/chebyshevapprox.jl
CheckedArithmetic,juliamath/checkedarithmetic.jl
Chemfiles,chemfiles/chemfiles.jl
ChemometricsTools,caseykneale/chemometricstools.jl
Chess,romstad/chess.jl
ChipSort,nlw0/chipsort.jl
CImGui,gnimuc/cimgui.jl
Citations,oxinabox/citations.jl
Clang,juliainterop/clang.jl
CLArrays,juliagpu/clarrays.jl
Classes,rjplevin/classes.jl
CLBlast,juliagpu/clblast.jl
ClearStacktrace,jkrumbiegel/clearstacktrace.jl
CLFFT,juliagpu/clfft.jl
ClickHouse,maxmouchet/clickhouse.jl
Cliffords,bbn-q/cliffords.jl
ClimateTools,juliaclimate/climatetools.jl
Clipper,juliageometry/clipper.jl
CloudGraphs,gearsad/cloudgraphs.jl
Clp,juliaopt/clp.jl
Clustering,juliastats/clustering.jl
ClusterManagers,juliaparallel/clustermanagers.jl
CMake,juliapackaging/cmake.jl
CMakeWrapper,juliapackaging/cmakewrapper.jl
CMBLensing,marius311/cmblensing.jl
CmdStan,stanjulia/cmdstan.jl
COBRA,opencobra/cobra.jl
CoDa,juliaearth/coda.jl
CodecBase,juliaio/codecbase.jl
CodeCosts,kimikage/codecosts.jl
Codecs,biojulia/codecs.jl
CodecZlib,juliaio/codeczlib.jl
CodecZstd,juliaio/codeczstd.jl
CodeGen,tshort/codegen.jl
CodeTools,junolab/codetools.jl
CodeTracking,timholy/codetracking.jl
CodeTransformation,perrutquist/codetransformation.jl
COESA,danielmatz/coesa.jl
CoherentStructures,coherentstructures/coherentstructures.jl
CoinOptServices,juliaopt/coinoptservices.jl
CollectiveSpins,qojulia/collectivespins.jl
Colors,juliagraphics/colors.jl
ColorSchemes,juliagraphics/colorschemes.jl
ColorTypes,juliagraphics/colortypes.jl
ColorVectorSpace,juliagraphics/colorvectorspace.jl
Coluna,atoptima/coluna.jl
Combinatorics,juliamath/combinatorics.jl
Combo,uripatish/combo.jl
CommonSubexpressions,rdeits/commonsubexpressions.jl
CommunityDetection,juliagraphs/communitydetection.jl
Compat,julialang/compat.jl
CompatHelper,bcbi/compathelper.jl
CompEcon,quantecon/compecon.jl
Complementarity,chkwon/complementarity.jl
ComplexPhasePortrait,juliaholomorphic/complexphaseportrait.jl
ComplexPortraits,luchr/complexportraits.jl
Compose,giovineitalia/compose.jl
CompScienceMeshes,krcools/compsciencemeshes.jl
ComputationalHomology,wildart/computationalhomology.jl
ComputationalResources,timholy/computationalresources.jl
ComputedFieldTypes,vtjnash/computedfieldtypes.jl
ConcaveHull,lstagner/concavehull.jl
ConcreteAbstractions,tbreloff/concreteabstractions.jl
Conda,juliapy/conda.jl
ConditionalDists,aicenter/conditionaldists.jl
ConditionalJuMP,rdeits/conditionaljump.jl
ConfParser,juliaio/confparser.jl
ConicBenchmarkUtilities,juliaopt/conicbenchmarkutilities.jl
ConjugatePriors,juliastats/conjugatepriors.jl
Conjugates,masonprotter/conjugates.jl
ConstraintProgrammingExtensions,dourouc05/constraintprogrammingextensions.jl
ConstraintSolver,wikunia/constraintsolver.jl
ConstructionBase,juliaobjects/constructionbase.jl
ContinuousDPs,quantecon/continuousdps.jl
ContinuousOptimization,juliaml/continuousoptimization.jl
ContinuumArrays,juliaapproximation/continuumarrays.jl
Contour,juliageometry/contour.jl
Contracts,eschnett/contracts.jl
ControlSystemIdentification,baggepinnen/controlsystemidentification.jl
ControlSystems,juliacontrol/controlsystems.jl
Convex,juliaopt/convex.jl
ConvexBodyProximityQueries,arlk/convexbodyproximityqueries.jl
ConvexHull,juliapolyhedra/convexhull.jl
ConvexTests,ericphanson/convextests.jl
CoolProp,coolprop/coolprop.jl
CoordinateSplittingPTrees,timholy/coordinatesplittingptrees.jl
CoordinateTransformations,juliageometry/coordinatetransformations.jl
Corpuscles,km3net/corpuscles.jl
CorpusLoaders,juliatext/corpusloaders.jl
CorrectMatch,computationalprivacy/correctmatch.jl
COSMO,oxfordcontrol/cosmo.jl
Cosmology,juliaastro/cosmology.jl
CovarianceEstimation,mateuszbaran/covarianceestimation.jl
CovarianceMatrices,gragusa/covariancematrices.jl
Coverage,juliaci/coverage.jl
CPLEX,juliaopt/cplex.jl
Cpp,timholy/cpp.jl
CpuId,m-j-w/cpuid.jl
CPUTime,schmrlng/cputime.jl
CQLdriver,r3tex/cqldriver.jl
Crayons,kristofferc/crayons.jl
CRC,andrewcooke/crc.jl
CRF,slyrz/crf.jl
CRlibm,juliaintervals/crlibm.jl
CSDP,juliaopt/csdp.jl
CSFML,juliamultimedia/csfml.jl
CSSUtil,juliagizmos/cssutil.jl
CSTParser,julia-vscode/cstparser.jl
CSV,juliadata/csv.jl
CSVFiles,queryverse/csvfiles.jl
CSyntax,gnimuc/csyntax.jl
Cthulhu,juliadebug/cthulhu.jl
CuArrays,juliagpu/cuarrays.jl
Cuba,giordano/cuba.jl
Cubature,juliamath/cubature.jl
CUDA,juliagpu/cuda.jl
CUDAapi,juliagpu/cudaapi.jl
CUDAdrv,juliagpu/cudadrv.jl
CUDAnative,juliagpu/cudanative.jl
CUDArt,juliaattic/cudart.jl
Cuddle,chrisrackauckas/cuddle.jl
CUDNN,juliaattic/cudnn.jl
Currencies,juliafinance/currencies.jl
CurricularAnalytics,curricularanalytics/curricularanalytics.jl
Currier,masonprotter/currier.jl
Curry,orbots/curry.jl
CurveFit,pjabardo/curvefit.jl
CurveProximityQueries,arlk/curveproximityqueries.jl
Curves,lungben/curves.jl
CustomUnitRanges,juliaarrays/customunitranges.jl
CuTensorOperations,jutho/cutensoroperations.jl
CUTEst,juliasmoothoptimizers/cutest.jl
CuYao,quantumbfs/cuyao.jl
CVXOPT,cvxopt/cvxopt.jl
Cxx,juliainterop/cxx.jl
CxxWrap,juliainterop/cxxwrap.jl
D3Magic,jobjob/d3magic.jl
D3Trees,sisl/d3trees.jl
D3TypeTrees,claytonpbarrows/d3typetrees.jl
Dagger,juliaparallel/dagger.jl
Darknet,ianshmean/darknet.jl
Dash,plotly/dash.jl
Dashboards,waralex/dashboards.jl
DASSL,sciml/dassl.jl
DataAssim,alexander-barth/dataassim.jl
DataDeps,oxinabox/datadeps.jl
DataDepsGenerators,oxinabox/datadepsgenerators.jl
DataDrivenDiffEq,sciml/datadrivendiffeq.jl
DataFitting,gcalderone/datafitting.jl
DataFlow,mikeinnes/dataflow.jl
DataFrameDBs,waralex/dataframedbs.jl
DataFrames,juliadata/dataframes.jl
DataFramesMeta,juliadata/dataframesmeta.jl
DatagenCopulaBased,iitis/datagencopulabased.jl
DataIterators,pevnak/dataiterators.jl
DataKnots,rbt-lang/dataknots.jl
DataLoaders,lorenzoh/dataloaders.jl
DataPackage,frictionlessdata/datapackage.jl
DataStreams,juliadata/datastreams.jl
DataStructures,juliacollections/datastructures.jl
DataValues,queryverse/datavalues.jl
DayCounts,juliafinance/daycounts.jl
DBInterface,juliadatabases/dbinterface.jl
DCEMRI,davidssmith/dcemri.jl
DebugAdapter,julia-vscode/debugadapter.jl
Debugger,juliadebug/debugger.jl
DebuggingUtilities,timholy/debuggingutilities.jl
DecFP,juliamath/decfp.jl
Decimals,juliamath/decimals.jl
DecisionTree,bensadeghi/decisiontree.jl
Deconvolution,juliadsp/deconvolution.jl
DeepDiffs,ssfrr/deepdiffs.jl
DeepQLearning,juliapomdp/deepqlearning.jl
DefaultApplication,tpapp/defaultapplication.jl
Defer,adambrewster/defer.jl
DelayDiffEq,sciml/delaydiffeq.jl
DelayEmbeddings,juliadynamics/delayembeddings.jl
Deldir,robertdj/deldir.jl
DemoCards,johnnychen94/democards.jl
DemoTapes,jrevels/demotapes.jl
Dendriform,chakravala/dendriform.jl
DensityRatioEstimation,juliaearth/densityratioestimation.jl
DependenciesParser,nosferican/dependenciesparser.jl
DependencyTrees,dellison/dependencytrees.jl
DependentBootstrap,colintbowers/dependentbootstrap.jl
Deprecations,juliacomputing/deprecations.jl
Descartes,sjkelly/descartes.jl
DESPOT,juliapomdp/despot.jl
DeterminantalPointProcesses,alshedivat/determinantalpointprocesses.jl
Devices,painterqubits/devices.jl
DFTK,juliamolsim/dftk.jl
DIA,ranjanan/dia.jl
Diagonalizations,marco-congedo/diagonalizations.jl
Diana,codeneomatrix/diana.jl
DICE,libbum/dice.jl
DICOM,juliaio/dicom.jl
Dictionaries,andyferris/dictionaries.jl
Dierckx,kbarbary/dierckx.jl
DiffEqApproxFun,sciml/diffeqapproxfun.jl
DiffEqBase,sciml/diffeqbase.jl
DiffEqBayes,sciml/diffeqbayes.jl
DiffEqBiological,sciml/diffeqbiological.jl
DiffEqCallbacks,sciml/diffeqcallbacks.jl
DiffEqDevTools,sciml/diffeqdevtools.jl
DiffEqFinancial,sciml/diffeqfinancial.jl
DiffEqFlux,sciml/diffeqflux.jl
DiffEqGPU,sciml/diffeqgpu.jl
DiffEqJump,sciml/diffeqjump.jl
DiffEqMonteCarlo,sciml/diffeqmontecarlo.jl
DiffEqNoiseProcess,sciml/diffeqnoiseprocess.jl
DiffEqOperators,sciml/diffeqoperators.jl
DiffEqParamEstim,sciml/diffeqparamestim.jl
DiffEqPhysics,sciml/diffeqphysics.jl
DiffEqProblemLibrary,sciml/diffeqproblemlibrary.jl
DiffEqSensitivity,sciml/diffeqsensitivity.jl
DiffEqUncertainty,sciml/diffequncertainty.jl
DifferentialDynamicProgramming,baggepinnen/differentialdynamicprogramming.jl
DifferentialEquations,sciml/differentialequations.jl
DifferentialMobilityAnalyzers,mdpetters/differentialmobilityanalyzers.jl
DiffResults,juliadiff/diffresults.jl
DiffRules,juliadiff/diffrules.jl
Diffusion,cbellei/diffusion.jl
DigitalComm,rgerzaguet/digitalcomm.jl
DimensionalArrayTraits,juliageo/dimensionalarraytraits.jl
DimensionalData,rafaqz/dimensionaldata.jl
DimensionalPlotRecipes,sciml/dimensionalplotrecipes.jl
DirectSum,chakravala/directsum.jl
Discord,xh4h/discord.jl
Discreet,cynddl/discreet.jl
DiscreteEvents,pbayer/discreteevents.jl
DiscreteExteriorCalculus,rigetti/discreteexteriorcalculus.jl
DiscretePDEs,rigetti/discretepdes.jl
DiscreteValueIteration,juliapomdp/discretevalueiteration.jl
Discretizers,sisl/discretizers.jl
DiscriminantAnalysis,trthatcher/discriminantanalysis.jl
DiskArrays,meggart/diskarrays.jl
DiskData,mikeinnes/diskdata.jl
DiskDataProviders,baggepinnen/diskdataproviders.jl
Dispatcher,invenia/dispatcher.jl
DisplayAs,tkf/displayas.jl
Displaz,c42f/displaz.jl
Distances,juliastats/distances.jl
DistributedArrays,juliaparallel/distributedarrays.jl
DistributedFactorGraphs,juliarobotics/distributedfactorgraphs.jl
DistributionalForecasts,barunik/distributionalforecasts.jl
Distributions,juliastats/distributions.jl
DistributionsAD,turinglang/distributionsad.jl
DistroHelper,cdluminate/distrohelper.jl
DIVAnd,gher-ulg/divand.jl
Diversity,richardreeve/diversity.jl
DocSeeker,junolab/docseeker.jl
DocStringExtensions,juliadocs/docstringextensions.jl
DocumentationGenerator,juliadocs/documentationgenerator.jl
DocumentFormat,julia-vscode/documentformat.jl
Dolang,econforge/dolang.jl
Dolo,econforge/dolo.jl
DomainSets,juliaapproximation/domainsets.jl
DotEnv,vmari/dotenv.jl
DotNET,azurefx/dotnet.jl
DoubleFloats,juliamath/doublefloats.jl
DPMMSubClusters,bgu-cs-vil/dpmmsubclusters.jl
DrakeVisualizer,rdeits/drakevisualizer.jl
DrWatson,juliadynamics/drwatson.jl
DSGE,frbny-dsge/dsge.jl
DSP,juliadsp/dsp.jl
Dualization,juliaopt/dualization.jl
DualNumbers,juliadiff/dualnumbers.jl
Duckietown,tejank10/duckietown.jl
DVBF,baggepinnen/dvbf.jl
DynamicalBilliards,juliadynamics/dynamicalbilliards.jl
DynamicalSystems,juliadynamics/dynamicalsystems.jl
DynamicalSystemsBase,juliadynamics/dynamicalsystemsbase.jl
DynamicGrids,cesaraustralia/dynamicgrids.jl
DynamicHMC,tpapp/dynamichmc.jl
DynamicHMCModels,statisticalrethinkingjulia/dynamichmcmodels.jl
DynamicIterators,mschauer/dynamiciterators.jl
DynamicMovementPrimitives,baggepinnen/dynamicmovementprimitives.jl
DynamicPolynomials,juliaalgebra/dynamicpolynomials.jl
DynamicPPL,turinglang/dynamicppl.jl
EAGO,psorlab/eago.jl
EarthOrientation,juliaastro/earthorientation.jl
ECharts,randyzwitch/echarts.jl
EcoBase,ecojulia/ecobase.jl
EcologicalNetworks,poisotlab/ecologicalnetworks.jl
EconPDEs,matthieugomez/econpdes.jl
ECOS,juliaopt/ecos.jl
EDF,beacon-biosignals/edf.jl
EEG,rob-luke/eeg.jl
EffectiveWaves,juliawavescattering/effectivewaves.jl
Effects,mikeinnes/effects.jl
Einsum,ahwillia/einsum.jl
Eirene,eetion/eirene.jl
ElasticArrays,juliaarrays/elasticarrays.jl
ElasticFDA,jdtuck/elasticfda.jl
Electron,davidanthoff/electron.jl
Elemental,juliaparallel/elemental.jl
EllipsisNotation,chrisrackauckas/ellipsisnotation.jl
Elliptic,nolta/elliptic.jl
Elly,juliaparallel/elly.jl
EllZeroTrendFiltering,mfalt/ellzerotrendfiltering.jl
Elsa,pablosanjose/elsa.jl
Embeddings,juliatext/embeddings.jl
EMP,xhub/emp.jl
EmpiricalCDFs,jlapeyre/empiricalcdfs.jl
EmpiricalModeDecomposition,felixcremer/empiricalmodedecomposition.jl
EnergyModels,pypsa/energymodels.jl
EnglishText,totalverb/englishtext.jl
EnhancedGJK,juliarobotics/enhancedgjk.jl
EntropicCone,blegat/entropiccone.jl
EponymKeywordSyntax,jw3126/eponymkeywordsyntax.jl
EponymTuples,tpapp/eponymtuples.jl
Equations,jhlq/equations.jl
Equilibrium,juliafusion/equilibrium.jl
Erdos,carlolucibello/erdos.jl
ErrorfreeArithmetic,jeffreysarnoff/errorfreearithmetic.jl
Escher,juliagizmos/escher.jl
ESDG,jlchan/esdg.jl
ESDL,esa-esdl/esdl.jl
Espresso,dfdx/espresso.jl
EventSimulation,bkamins/eventsimulation.jl
Evolutionary,wildart/evolutionary.jl
EvoTrees,evovest/evotrees.jl
ExactDiag,garrison/exactdiag.jl
ExactDiagonalization,quantum-many-body/exactdiagonalization.jl
ExactPredicates,lairez/exactpredicates.jl
ExactReals,dpsanders/exactreals.jl
Example,julialang/example.jl
ExamplePackage,chrisrackauckas/examplepackage.jl
ExcelFiles,queryverse/excelfiles.jl
ExcelReaders,queryverse/excelreaders.jl
ExecutableSpecifications,erikedin/executablespecifications.jl
Expect,wavexx/expect.jl
Expectations,quantecon/expectations.jl
ExpmV,marcusps/expmv.jl
ExponentialUtilities,sciml/exponentialutilities.jl
ExprRules,sisl/exprrules.jl
ExprTools,invenia/exprtools.jl
ExtensibleUnions,bcbi/extensibleunions.jl
ExtractMacro,carlobaldassi/extractmacro.jl
ExtremeStats,juliaearth/extremestats.jl
EzXML,bicycle1885/ezxml.jl
FactCheck,juliaattic/factcheck.jl
Faker,codeneomatrix/faker.jl
FancyDiagnostics,julialang/fancydiagnostics.jl
FastaIO,carlobaldassi/fastaio.jl
FastArrays,eschnett/fastarrays.jl
FastClosures,c42f/fastclosures.jl
FastConv,aamini/fastconv.jl
FastGaussQuadrature,juliaapproximation/fastgaussquadrature.jl
FastGroupBy,xiaodaigh/fastgroupby.jl
FastPolynomialRoots,andreasnoack/fastpolynomialroots.jl
FastRationals,jeffreysarnoff/fastrationals.jl
FastRounding,jeffreysarnoff/fastrounding.jl
FastTransforms,juliaapproximation/fasttransforms.jl
FASTX,biojulia/fastx.jl
Fatou,chakravala/fatou.jl
FCSFiles,tlnagy/fcsfiles.jl
Feather,juliadata/feather.jl
FeedbackParticleFilters,simsurace/feedbackparticlefilters.jl
FEMBase,juliafem/fembase.jl
FEMBasis,juliafem/fembasis.jl
FEMSparse,ahojukka5/femsparse.jl
FemtoCleaner,juliacomputing/femtocleaner.jl
FEniCS,sciml/fenics.jl
FFMPEG,juliaio/ffmpeg.jl
FFTViews,juliaarrays/fftviews.jl
FFTW,juliamath/fftw.jl
FieldMetadata,rafaqz/fieldmetadata.jl
FIGlet,kdheepak/figlet.jl
Figures,ericforgy/figures.jl
FileIO,juliaio/fileio.jl
FilePaths,rofinn/filepaths.jl
FilePathsBase,rofinn/filepathsbase.jl
FillArrays,juliaarrays/fillarrays.jl
FinancialToolbox,rcalxrc08/financialtoolbox.jl
FinElt,billmclean/finelt.jl
FinEtools,petrkryslucsd/finetools.jl
FiniteDiff,juliadiff/finitediff.jl
FiniteDifferences,juliadiff/finitedifferences.jl
FINUFFT,ludvigak/finufft.jl
Fire,ylxdzsw/fire.jl
FirstOrderLogic,roberthoenig/firstorderlogic.jl
FirstOrderSolvers,mfalt/firstordersolvers.jl
FITSIO,juliaastro/fitsio.jl
FixedEffectModels,fixedeffects/fixedeffectmodels.jl
FixedEffects,fixedeffects/fixedeffects.jl
FixedPointDecimals,juliamath/fixedpointdecimals.jl
FixedPointNumbers,juliamath/fixedpointnumbers.jl
FixedSizeStrings,juliacomputing/fixedsizestrings.jl
fkMigration,analytech-solutions/fkmigration.jl
FLAC,juliaio/flac.jl
FlameGraphs,timholy/flamegraphs.jl
FLANN,wildart/flann.jl
FlashWeave,meringlab/flashweave.jl
FlatBuffers,juliadata/flatbuffers.jl
Flatten,rafaqz/flatten.jl
FlightMechanics,alexs12/flightmechanics.jl
Flutes,isaacwhanson/flutes.jl
Flux,fluxml/flux.jl
FluxJS,fluxml/fluxjs.jl
FluxOptTools,baggepinnen/fluxopttools.jl
FluxUtils,astupidbear/fluxutils.jl
FMIndexes,biojulia/fmindexes.jl
Formatting,juliaio/formatting.jl
ForneyLab,biaslab/forneylab.jl
FortranFiles,traktofon/fortranfiles.jl
ForwardDiff,juliadiff/forwarddiff.jl
ForwardDiff2,yingboma/forwarddiff2.jl
FourierAnalysis,marco-congedo/fourieranalysis.jl
FourierFlows,fourierflows/fourierflows.jl
FourierTransforms,juliacomputing/fouriertransforms.jl
FrameFun,juliaapproximation/framefun.jl
FrankenTuples,ararslan/frankentuples.jl
Franklin,tlienart/franklin.jl
FredData,micahjsmith/freddata.jl
FreeType,juliagraphics/freetype.jl
FreeTypeAbstraction,juliagraphics/freetypeabstraction.jl
FreqTables,nalimilan/freqtables.jl
FstFileFormat,xiaodaigh/fstfileformat.jl
FTPClient,invenia/ftpclient.jl
FunctionalCollections,juliacollections/functionalcollections.jl
FunctionalDataUtils,rened/functionaldatautils.jl
FunctionWrappers,yuyichao/functionwrappers.jl
FunHPC,eschnett/funhpc.jl
FunnyTN,quantumbfs/funnytn.jl
Fuzzy,phelipe/fuzzy.jl
Gadfly,giovineitalia/gadfly.jl
GAFramework,vvjn/gaframework.jl
Gaius,masonprotter/gaius.jl
GalaxyBrain,otde/galaxybrain.jl
GalerkinSparseGrids,abatanasov/galerkinsparsegrids.jl
Gallium,juliadebug/gallium.jl
GaloisFields,tkluck/galoisfields.jl
Games,quantecon/games.jl
Garamond,zgornel/garamond.jl
GARCH,andreykolev/garch.jl
GasModels,lanl-ansi/gasmodels.jl
Gaston,mbaz/gaston.jl
GaussDCA,carlobaldassi/gaussdca.jl
GaussianDistributions,mschauer/gaussiandistributions.jl
GaussianMixtures,davidavdav/gaussianmixtures.jl
GaussianRandomFields,pieterjanrobbe/gaussianrandomfields.jl
GaussQuadrature,billmclean/gaussquadrature.jl
GBIF,ecojulia/gbif.jl
GCMAES,astupidbear/gcmaes.jl
GCP,rana/gcp.jl
GDAL,juliageo/gdal.jl
GEMPIC,juliavlasov/gempic.jl
GeneralizedGenerated,thautwarm/generalizedgenerated.jl
GenerativeModels,aicenter/generativemodels.jl
GenericLinearAlgebra,julialinearalgebra/genericlinearalgebra.jl
GenericSVD,julialinearalgebra/genericsvd.jl
GenExperimental,probcomp/genexperimental.jl
Genie,genieframework/genie.jl
GenieAuthentication,genieframework/genieauthentication.jl
GenomeGraphs,biojulia/genomegraphs.jl
GenomicFeatures,biojulia/genomicfeatures.jl
GenomicMaps,kdyrhage/genomicmaps.jl
GeoData,rafaqz/geodata.jl
Geodesy,juliageo/geodesy.jl
GeoInterface,juliageo/geointerface.jl
GeoJSON,juliageo/geojson.jl
GeoMakie,juliaplots/geomakie.jl
GeometricalPredicates,juliageometry/geometricalpredicates.jl
GeometricFlux,yuehhua/geometricflux.jl
GeometricIntegrators,ddmgni/geometricintegrators.jl
GeometryBasics,juliageometry/geometrybasics.jl
GeometryTypes,juliageometry/geometrytypes.jl
GeoPhyInv,pawbz/geophyinv.jl
GeophysicalFlows,fourierflows/geophysicalflows.jl
GeoStatsImages,juliaearth/geostatsimages.jl
Gettext,julia-i18n/gettext.jl
GFlops,triscale-innov/gflops.jl
GGPlots,juliaplots/ggplots.jl
GigaSOM,lcsb-biocore/gigasom.jl
GitCommand,bcbi/gitcommand.jl
GitHub,juliaweb/github.jl
GitLab,juliacomputing/gitlab.jl
GLAbstraction,juliagl/glabstraction.jl
GLFixedEffectModels,jmboehm/glfixedeffectmodels.jl
GLFW,juliagl/glfw.jl
GLM,juliastats/glm.jl
GLMakie,juliaplots/glmakie.jl
GLMNet,juliastats/glmnet.jl
Glob,vtjnash/glob.jl
GlobalSensitivityAnalysis,lrennels/globalsensitivityanalysis.jl
Gloria,dalum/gloria.jl
Glove,domluna/glove.jl
GLPK,juliaopt/glpk.jl
GLPKMathProgInterface,juliaopt/glpkmathproginterface.jl
GLTF,gnimuc/gltf.jl
GLVisualize,juliagl/glvisualize.jl
Gmsh,juliafem/gmsh.jl
Gnuplot,gcalderone/gnuplot.jl
GnuTLS,juliaweb/gnutls.jl
GoogleCloud,juliacloud/googlecloud.jl
GpABC,tanhevg/gpabc.jl
GPlot,tlienart/gplot.jl
GPUArrays,juliagpu/gpuarrays.jl
GPUCompiler,juliagpu/gpucompiler.jl
GPUifyLoops,vchuravy/gpuifyloops.jl
GPUShowcases,juliagpu/gpushowcases.jl
GR,jheinen/gr.jl
GradDescent,jacobcvt12/graddescent.jl
GradientBoost,svs14/gradientboost.jl
GraffSDK,gearsad/graffsdk.jl
GraphDataFrameBridge,juliagraphs/graphdataframebridge.jl
GraphicalModelLearning,lanl-ansi/graphicalmodellearning.jl
Graphics,juliagraphics/graphics.jl
GraphIO,juliagraphs/graphio.jl
GraphPlot,juliagraphs/graphplot.jl
GraphRecipes,juliaplots/graphrecipes.jl
Graphs,juliaattic/graphs.jl
Grassmann,chakravala/grassmann.jl
GRIB,weech/grib.jl
Grid,timholy/grid.jl
Gridap,gridap/gridap.jl
GridInterpolations,sisl/gridinterpolations.jl
GroupedErrors,piever/groupederrors.jl
GrowableArrays,chrisrackauckas/growablearrays.jl
gRPC,tanmaykm/grpc.jl
GRUtils,heliosdrm/grutils.jl
GSL,juliamath/gsl.jl
Gtk,juliagraphics/gtk.jl
GtkIDE,jonathanbieler/gtkide.jl
GtkReactive,juliagizmos/gtkreactive.jl
GUIAppExample,goropikari/guiappexample.jl
Gumbo,juliaweb/gumbo.jl
Gurobi,juliaopt/gurobi.jl
GuSTO,stanfordasl/gusto.jl
Gym,fluxml/gym.jl
GZip,juliaio/gzip.jl
H3,wookay/h3.jl
Hadamard,juliamath/hadamard.jl
HAML,tkluck/haml.jl
HardSphereDynamics,juliadynamics/hardspheredynamics.jl
HCubature,juliamath/hcubature.jl
HDF5,juliaio/hdf5.jl
HDF5Utils,astupidbear/hdf5utils.jl
HeaderREPLs,timholy/headerrepls.jl
Healpix,ziotom78/healpix.jl
Hecke,thofma/hecke.jl
Heptapus,lcw/heptapus.jl
Hexagons,giovineitalia/hexagons.jl
HexFFT,gwater/hexfft.jl
Hiccup,junolab/hiccup.jl
HierarchicalMatrices,juliamatrices/hierarchicalmatrices.jl
HierarchicalTemporalMemory,oblynx/hierarchicaltemporalmemory.jl
HigherKindedPolymorphisms,thautwarm/higherkindedpolymorphisms.jl
HighestDensityRegions,tpapp/highestdensityregions.jl
Highlights,juliadocs/highlights.jl
HiGHS,jump-dev/highs.jl
Hive,juliadatabases/hive.jl
HMMBase,maxmouchet/hmmbase.jl
HNSW,julianeighbors/hnsw.jl
Homebrew,juliapackaging/homebrew.jl
HomotopyContinuation,juliahomotopycontinuation/homotopycontinuation.jl
HORIZONS,perezhz/horizons.jl
HSARuntime,jpsamaroo/hsaruntime.jl
HSL,juliasmoothoptimizers/hsl.jl
HTTP,juliaweb/http.jl
HTTP2,sorpaas/http2.jl
HTTPClient,juliaweb/httpclient.jl
HttpCommon,juliaweb/httpcommon.jl
HttpParser,juliaweb/httpparser.jl
HttpServer,juliaweb/httpserver.jl
Hungarian,gnimuc/hungarian.jl
HurdleDMR,asafmanela/hurdledmr.jl
Hwloc,juliaparallel/hwloc.jl
HybridArrays,mateuszbaran/hybridarrays.jl
HybridSystems,blegat/hybridsystems.jl
Hydra,fluxml/hydra.jl
Hydrozoa,vchuravy/hydrozoa.jl
HyperbolicDiffEq,ranocha/hyperbolicdiffeq.jl
HyperDualNumbers,juliadiff/hyperdualnumbers.jl
HypergeometricFunctions,juliamath/hypergeometricfunctions.jl
Hyperopt,baggepinnen/hyperopt.jl
Hyperscript,yurivish/hyperscript.jl
HypothesisTests,juliastats/hypothesistests.jl
ICU,juliastrings/icu.jl
IDRsSolver,mschauer/idrssolver.jl
IEEEFloat16,vchuravy/ieeefloat16.jl
IJulia,julialang/ijulia.jl
ImageBinarization,zygmuntszpak/imagebinarization.jl
ImageCore,juliaimages/imagecore.jl
ImageDraw,juliaimages/imagedraw.jl
ImageFeatures,juliaimages/imagefeatures.jl
ImageFiltering,juliaimages/imagefiltering.jl
ImageInpainting,juliaimages/imageinpainting.jl
ImageInTerminal,juliaimages/imageinterminal.jl
ImageIO,juliaio/imageio.jl
ImageMagick,juliaio/imagemagick.jl
ImageMetadata,juliaimages/imagemetadata.jl
ImageMorphology,juliaimages/imagemorphology.jl
ImageProjectiveGeometry,peterkovesi/imageprojectivegeometry.jl
ImageQualityIndexes,juliaimages/imagequalityindexes.jl
ImageQuilting,juliaearth/imagequilting.jl
ImageReconstruction,juliaimages/imagereconstruction.jl
ImageRegistration,seung-lab/imageregistration.jl
Images,juliaimages/images.jl
ImageSegmentation,juliaimages/imagesegmentation.jl
ImageShow,juliaimages/imageshow.jl
ImageTracking,juliaimages/imagetracking.jl
ImageTransformations,juliaimages/imagetransformations.jl
ImageView,juliaimages/imageview.jl
Immerse,juliagraphics/immerse.jl
ImplicitEquations,jverzani/implicitequations.jl
ImportMacros,fredrikekre/importmacros.jl
Impute,invenia/impute.jl
IncrementalInference,juliarobotics/incrementalinference.jl
IndexedTables,juliacomputing/indexedtables.jl
Indicators,dysonance/indicators.jl
IndirectArrays,juliaarrays/indirectarrays.jl
IndirectImports,tkf/indirectimports.jl
IndividualDisplacements,juliaclimate/individualdisplacements.jl
Infiltrator,juliadebug/infiltrator.jl
InfiniteArrays,juliaarrays/infinitearrays.jl
InfiniteLinearAlgebra,juliamatrices/infinitelinearalgebra.jl
Inflate,gunnarfarneback/inflate.jl
InfluxDB,staticfloat/influxdb.jl
InformationMeasures,tchanders/informationmeasures.jl
InfoZIP,samoconnor/infozip.jl
InfrastructureModels,lanl-ansi/infrastructuremodels.jl
InfrastructureSystems,nrel-siip/infrastructuresystems.jl
IniFile,juliaio/inifile.jl
InlineExports,dalum/inlineexports.jl
InspectDR,ma-laforge/inspectdr.jl
InstantiateFromURL,quantecon/instantiatefromurl.jl
Instruments,bbn-q/instruments.jl
Intan,paulmthompson/intan.jl
IntelVectorMath,juliamath/intelvectormath.jl
Interact,juliagizmos/interact.jl
InteractBase,piever/interactbase.jl
InteractBulma,piever/interactbulma.jl
InteractiveCodeSearch,tkf/interactivecodesearch.jl
InteractiveFixedEffectModels,fixedeffects/interactivefixedeffectmodels.jl
InteractiveFormatter,tkf/interactiveformatter.jl
InteractNext,juliagizmos/interactnext.jl
InterestRates,felipenoris/interestrates.jl
InterfaceTesting,oxinabox/interfacetesting.jl
InternedStrings,juliastring/internedstrings.jl
Interpolations,juliamath/interpolations.jl
Interpret,cscherrer/interpret.jl
IntervalArithmetic,juliaintervals/intervalarithmetic.jl
IntervalConstraintProgramming,juliaintervals/intervalconstraintprogramming.jl
IntervalOptimisation,juliaintervals/intervaloptimisation.jl
IntervalRootFinding,juliaintervals/intervalrootfinding.jl
Intervals,invenia/intervals.jl
IntervalSets,juliamath/intervalsets.jl
IntroAJulia,juliaintro/introajulia.jl
InverseLaplace,jlapeyre/inverselaplace.jl
InvertedIndices,mbauman/invertedindices.jl
IPC,emmt/ipc.jl
Ipopt,juliaopt/ipopt.jl
IRTools,mikeinnes/irtools.jl
IRTracker,turinglang/irtracker.jl
ITensors,itensor/itensors.jl
ITensorsGPU,itensor/itensorsgpu.jl
IterableTables,queryverse/iterabletables.jl
IterationManagers,sglyon/iterationmanagers.jl
IterativeSolvers,juliamath/iterativesolvers.jl
Iterators,juliacollections/iterators.jl
IterTools,juliacollections/itertools.jl
ITK,cj-mclaughlin/itk.jl
IVFADC,julianeighbors/ivfadc.jl
JAC,openjac/jac.jl
Jackknife,ararslan/jackknife.jl
JacobiDavidson,haampie/jacobidavidson.jl
Jags,jagsjulia/jags.jl
JavaCall,juliainterop/javacall.jl
Jaynes,mccoybecker/jaynes.jl
jBLAS,juliablas/jblas.jl
JDBC,juliadatabases/jdbc.jl
JDF,xiaodaigh/jdf.jl
JFVM,simulkade/jfvm.jl
Jib,lbilli/jib.jl
jInv,juliainv/jinv.jl
Jive,wookay/jive.jl
jl2nb,j-fu/jl2nb
JLBoost,xiaodaigh/jlboost.jl
JLD,juliaio/jld.jl
JLD2,juliaio/jld2.jl
Jldfa,ceesb/jldfa
jlpkg,fredrikekre/jlpkg
Jlsca,riscure/jlsca
JLSO,invenia/jlso.jl
JOLI,slimgroup/joli.jl
Joseki,joseki-jl/joseki.jl
Joulia,juliaenergy/joulia.jl
JPLEphemeris,juliaastro/jplephemeris.jl
JSCall,simondanisch/jscall.jl
JSExpr,juliagizmos/jsexpr.jl
JSON,juliaio/json.jl
JSON2,quinnj/json2.jl
JSON3,quinnj/json3.jl
JSONSchema,fredo-dedup/jsonschema.jl
JSONTables,juliadata/jsontables.jl
JSServe,simondanisch/jsserve.jl
Ju,ju-jl/ju.jl
JuAFEM,kristofferc/juafem.jl
JuCP,dourouc05/jucp.jl
JUDI,slimgroup/judi.jl
JuES,mdav2/jues.jl
Julia,svaksha/julia.jl
JuliaBerry,juliaberry/juliaberry.jl
JuliaBLAS,juliablas/juliablas.jl
JuliaChem,davpoolechem/juliachem.jl
JuliaDB,juliacomputing/juliadb.jl
JuliaDBMeta,piever/juliadbmeta.jl
JuliaFEM,juliafem/juliafem.jl
JuliaFormatter,domluna/juliaformatter.jl
JuliaInterpreter,juliadebug/juliainterpreter.jl
JuliaKara,sebastianpech/juliakara.jl
JuliaPackageTemplate,sisl/juliapackagetemplate.jl
JuliaPackageWithRustDep,felipenoris/juliapackagewithrustdep.jl
JuliaParser,julialang/juliaparser.jl
JuliaVariables,thautwarm/juliavariables.jl
JuliaWebAPI,juliaweb/juliawebapi.jl
JuliaZH,juliacn/juliazh.jl
JuliennedArrays,bramtayl/juliennedarrays.jl
Julog,ztangent/julog.jl
JuMag,ww1g11/jumag.jl
JuML,statfactory/juml.jl
JuMP,juliaopt/jump.jl
JuMPChance,mlubin/jumpchance.jl
JuMPeR,iainnz/jumper.jl
Junet,inguar/junet.jl
Juniper,lanl-ansi/juniper.jl
Juno,junolab/juno.jl
JunoDocs,junolab/junodocs.jl
Jute,fjarri/jute.jl
JVODE,yingboma/jvode.jl
JWAS,reworkhow/jwas.jl
Kafka,dfdx/kafka.jl
Kaldi,davidavdav/kaldi.jl
Kaleido,tkf/kaleido.jl
Kalman,mschauer/kalman.jl
Keldysh,kleinhenz/keldysh.jl
KeldyshED,krivenko/keldyshed.jl
Keras,invenia/keras.jl
KernelAbstractions,juliagpu/kernelabstractions.jl
KernelDensity,juliastats/kerneldensity.jl
KernelDensityEstimate,juliarobotics/kerneldensityestimate.jl
KernelFunctions,juliagaussianprocesses/kernelfunctions.jl
KernelGoodnessOfFit,torfjelde/kernelgoodnessoffit.jl
KeywordDispatch,simonbyrne/keyworddispatch.jl
Khepri,aptmcl/khepri.jl
Kip,jkroso/kip.jl
KissThreading,mohamed82008/kissthreading.jl
Knet,denizyuret/knet.jl
KnetLayers,ekinakyurek/knetlayers.jl
KNITRO,juliaopt/knitro.jl
Knockout,juliagizmos/knockout.jl
Koala,ablaom/koala.jl
Kpax3,albertopessia/kpax3.jl
Krylov,juliasmoothoptimizers/krylov.jl
KrylovKit,jutho/krylovkit.jl
KSVD,ishitatakeshi/ksvd.jl
Kuber,juliacomputing/kuber.jl
LabelledArrays,sciml/labelledarrays.jl
LambdaFn,haberdashpi/lambdafn.jl
LambertW,jlapeyre/lambertw.jl
Languages,juliatext/languages.jl
LanguageServer,julia-vscode/languageserver.jl
LasIO,visr/lasio.jl
Lasso,juliastats/lasso.jl
LaTeX,rened/latex.jl
Latexify,korsbo/latexify.jl
LatexPrint,scheinerman/latexprint.jl
LaTeXStrings,stevengj/latexstrings.jl
LaTeXTabulars,tpapp/latextabulars.jl
Lathe,emmettgb/lathe.jl
LatinHypercubeSampling,mrurq/latinhypercubesampling.jl
LatticePhysics,janattig/latticephysics.jl
Lattices,juliaphysics/lattices.jl
LayerDicts,invenia/layerdicts.jl
Lazy,mikeinnes/lazy.jl
LazyAlgebra,emmt/lazyalgebra.jl
LazyArrays,juliaarrays/lazyarrays.jl
LazyJSON,juliacloud/lazyjson.jl
LazySets,juliareach/lazysets.jl
LBFGSB,gnimuc/lbfgsb.jl
LCIO,jstrube/lcio.jl
LCMCore,juliarobotics/lcmcore.jl
Learn,juliaml/learn.jl
LearnBase,juliaml/learnbase.jl
LearningStrategies,juliaml/learningstrategies.jl
LeastSquaresOptim,matthieugomez/leastsquaresoptim.jl
LeftChildRightSiblingTrees,juliacollections/leftchildrightsiblingtrees.jl
LegacyStrings,juliastrings/legacystrings.jl
LegibleLambdas,masonprotter/legiblelambdas.jl
Leibniz,chakravala/leibniz.jl
Leiden,bicycle1885/leiden.jl
LengthChannels,baggepinnen/lengthchannels.jl
Lens,zenna/lens.jl
LevelDB,jerryzhenleicai/leveldb.jl
Levenshtein,rawrgrr/levenshtein.jl
LibCURL,juliaweb/libcurl.jl
LibExpat,juliaio/libexpat.jl
LibGEOS,juliageo/libgeos.jl
LIBLINEAR,innerlee/liblinear.jl
Libm,juliamath/libm.jl
LibPQ,invenia/libpq.jl
LibSerialPort,juliaio/libserialport.jl
LibSndFile,juliaaudio/libsndfile.jl
LibSpatialIndex,juliageo/libspatialindex.jl
LIBSVM,mpastell/libsvm.jl
Libtask,turinglang/libtask.jl
Libz,biojulia/libz.jl
LiGA,evcastelani/liga.jl
LightGBM,allardvm/lightgbm.jl
LightGraphs,juliagraphs/lightgraphs.jl
LightGraphsFlows,juliagraphs/lightgraphsflows.jl
LightGraphsMatching,juliagraphs/lightgraphsmatching.jl
LightQuery,bramtayl/lightquery.jl
LightXML,juliaio/lightxml.jl
LimitedLDLFactorizations,juliasmoothoptimizers/limitedldlfactorizations.jl
LinearAlgebraicRepresentation,cvdlab/linearalgebraicrepresentation.jl
LinearLeastSquares,davidlizeng/linearleastsquares.jl
LinearMaps,jutho/linearmaps.jl
LinearOperators,juliasmoothoptimizers/linearoperators.jl
LineSearches,julianlsolvers/linesearches.jl
LinkedLists,chrisrackauckas/linkedlists.jl
LinQu,yiqingzhoukelly/linqu.jl
LinQuadOptInterface,juliaopt/linquadoptinterface.jl
Lint,tonyhffong/lint.jl
LinuxPerf,carnaval/linuxperf.jl
LispREPL,swadey/lisprepl.jl
LispSyntax,swadey/lispsyntax.jl
Literate,fredrikekre/literate.jl
LiterateWeave,baggepinnen/literateweave.jl
LITS,energy-mac/lits.jl
LiveServer,asprionj/liveserver.jl
LLLplus,christianpeel/lllplus.jl
LLVM,maleadt/llvm.jl
LocalApproximationValueIteration,juliapomdp/localapproximationvalueiteration.jl
LocalCoverage,tpapp/localcoverage.jl
LocalFilters,emmt/localfilters.jl
LocalRegistry,gunnarfarneback/localregistry.jl
Loess,juliastats/loess.jl
LogarithmicNumbers,cjdoris/logarithmicnumbers.jl
LogDensityProblems,tpapp/logdensityproblems.jl
LoggingExtras,oxinabox/loggingextras.jl
Logic,hessammehr/logic.jl
LogicCircuits,juice-jl/logiccircuits.jl
LogRoller,tanmaykm/logroller.jl
LombScargle,juliaastro/lombscargle.jl
LookingGlass,nhdaly/lookingglass.jl
LoopVectorization,chriselrod/loopvectorization.jl
LossFunctions,juliaml/lossfunctions.jl
LoweredCodeUtils,juliadebug/loweredcodeutils.jl
LowLevelParticleFilters,baggepinnen/lowlevelparticlefilters.jl
LowRankApprox,juliamatrices/lowrankapprox.jl
LowRankDPP,cgartrel/lowrankdpp.jl
LowRankModels,madeleineudell/lowrankmodels.jl
LPVSpectral,baggepinnen/lpvspectral.jl
LRSLib,juliapolyhedra/lrslib.jl
LRUCache,juliacollections/lrucache.jl
LShapedSolvers,martinbiel/lshapedsolvers.jl
LSODA,rveltz/lsoda.jl
LsqFit,julianlsolvers/lsqfit.jl
LTISystems,juliasystems/ltisystems.jl
LTVModels,baggepinnen/ltvmodels.jl
Luxor,juliagraphics/luxor.jl
LuxurySparse,quantumbfs/luxurysparse.jl
LyapunovExponents,tkf/lyapunovexponents.jl
Lyceum,lyceum/lyceum.jl
LyceumAI,lyceum/lyceumai.jl
LyceumBase,lyceum/lyceumbase.jl
MacroTools,mikeinnes/macrotools.jl
Mads,madsjulia/mads.jl
Makeitso,krcools/makeitso.jl
Makie,juliaplots/makie.jl
MakieGallery,juliaplots/makiegallery.jl
MakieLayout,jkrumbiegel/makielayout.jl
MakieThemes,juliaplots/makiethemes.jl
Mamba,brian-j-smith/mamba.jl
ManifoldLearning,wildart/manifoldlearning.jl
Manifolds,juliamanifolds/manifolds.jl
ManifoldsBase,juliamanifolds/manifoldsbase.jl
Manopt,juliamanifolds/manopt.jl
MappedArrays,juliaarrays/mappedarrays.jl
Maps,nhdaly/maps.jl
Marconi,kiranshila/marconi.jl
MarketCycles,flare9x/marketcycles.jl
MarketData,juliaquant/marketdata.jl
MarketTechnicals,juliaquant/markettechnicals.jl
MassInstallAction,bcbi/massinstallaction.jl
MAT,juliaio/mat.jl
Match,kmsquire/match.jl
Matcha,simondanisch/matcha.jl
Materials,juliafem/materials.jl
Mathematica,juliainterop/mathematica.jl
MathematicalSystems,juliareach/mathematicalsystems.jl
MathieuFunctions,bbn-q/mathieufunctions.jl
MathLink,juliainterop/mathlink.jl
MathOptFormat,odow/mathoptformat.jl
MathOptInterface,juliaopt/mathoptinterface.jl
MathOptInterfaceTests,juliaopt/mathoptinterfacetests.jl
MathProgBase,juliaopt/mathprogbase.jl
MathProgComplex,juliesliwak/mathprogcomplex.jl
MATLAB,juliainterop/matlab.jl
MatlabCompat,matlabcompat/matlabcompat.jl
MATLABDiffEq,sciml/matlabdiffeq.jl
MatrixEquations,andreasvarga/matrixequations.jl
MatrixFactorizations,juliamatrices/matrixfactorizations.jl
MatrixMarket,juliasparse/matrixmarket.jl
MatrixNetworks,nassarhuda/matrixnetworks.jl
MatrixProductStates,masonprotter/matrixproductstates.jl
Matte,angusmoore/matte.jl
Maxima,nsmith5/maxima.jl
MaximalCoordinateDynamics,roboticexplorationlab/maximalcoordinatedynamics.jl
MaxMinFilters,sairus7/maxminfilters.jl
MaxwellFDM,wsshin/maxwellfdm.jl
Mayday,rdeits/mayday.jl
MbedTLS,julialang/mbedtls.jl
MCAnalyzer,vchuravy/mcanalyzer.jl
MCMCBenchmarks,statisticalrethinkingjulia/mcmcbenchmarks.jl
MCMCChains,turinglang/mcmcchains.jl
MCMCDiagnostics,tpapp/mcmcdiagnostics.jl
MD5,juliacrypto/md5.jl
MDBM,bachrathyd/mdbm.jl
MeasureIR,ssfrr/measureir.jl
Measurements,juliaphysics/measurements.jl
Measures,cscherrer/measures.jl
MechanismGeometries,juliarobotics/mechanismgeometries.jl
Memcache,tanmaykm/memcache.jl
Memento,invenia/memento.jl
Memoization,marius311/memoization.jl
Memoize,juliacollections/memoize.jl
MemPool,juliacomputing/mempool.jl
MendelBase,openmendel/mendelbase.jl
MendelIHT,openmendel/mendeliht.jl
MendelPlots,openmendel/mendelplots.jl
MERA,mhauru/mera.jl
Merlin,hshindo/merlin.jl
Merly,codeneomatrix/merly.jl
MeshArrays,juliaclimate/mesharrays.jl
MeshCatMechanisms,juliarobotics/meshcatmechanisms.jl
MeshCore,petrkryslucsd/meshcore.jl
Meshing,juliageometry/meshing.jl
METADATA,julialang/metadata.jl
MetaGraphs,juliagraphs/metagraphs.jl
Metalhead,fluxml/metalhead.jl
Metis,juliasparse/metis.jl
MFCC,juliadsp/mfcc.jl
MFGnet,emorymlip/mfgnet.jl
MichiganAutonomousVehicles,juliampc/michiganautonomousvehicles.jl
Microbiome,biojulia/microbiome.jl
Microeconometrics,lbittarello/microeconometrics.jl
MicroLogging,c42f/micrologging.jl
MicroML,inkydragon/microml.jl
MIDI,juliamusic/midi.jl
Miletus,juliacomputing/miletus.jl
Mill,pevnak/mill.jl
Millboard,wookay/millboard.jl
Mimi,mimiframework/mimi.jl
MiniQhull,gridap/miniqhull.jl
MINLPLib,lanl-ansi/minlplib.jl
MINLPTests,juliaopt/minlptests.jl
MIPVerify,vtjeng/mipverify.jl
MIRT,jefffessler/mirt.jl
MISAlgorithms,giggleliu/misalgorithms.jl
Missings,juliadata/missings.jl
MIToS,diegozea/mitos.jl
MixedModeDebugger,oxinabox/mixedmodedebugger.jl
MixedModels,juliastats/mixedmodels.jl
Mixers,rafaqz/mixers.jl
Mjolnir,mikeinnes/mjolnir.jl
MKL,juliacomputing/mkl.jl
MKLSparse,juliasparse/mklsparse.jl
MLBase,juliastats/mlbase.jl
MLDataPattern,juliaml/mldatapattern.jl
MLDatasets,juliaml/mldatasets.jl
MLDataUtils,juliaml/mldatautils.jl
MLInterpret,astupidbear/mlinterpret.jl
MLJ,alan-turing-institute/mlj.jl
MLJBase,alan-turing-institute/mljbase.jl
MLJFlux,alan-turing-institute/mljflux.jl
MLJLinearModels,alan-turing-institute/mljlinearmodels.jl
MLJModels,alan-turing-institute/mljmodels.jl
MLJTuning,alan-turing-institute/mljtuning.jl
MLKernels,trthatcher/mlkernels.jl
MLLabelUtils,juliaml/mllabelutils.jl
MLMetrics,juliaml/mlmetrics.jl
MLPreprocessing,juliaml/mlpreprocessing.jl
MLStyle,thautwarm/mlstyle.jl
MLToolkit,xukai92/mltoolkit.jl
Mocking,invenia/mocking.jl
ModelingToolkit,sciml/modelingtoolkit.jl
ModelReduction,juliafem/modelreduction.jl
ModernGL,juliagl/moderngl.jl
ModernRoboticsBook,ferrolho/modernroboticsbook.jl
Modia,modiasim/modia.jl
Modia3D,modiasim/modia3d.jl
ModiaMath,modiasim/modiamath.jl
Mods,scheinerman/mods.jl
ModularForms,aghitza/modularforms.jl
ModuleInterfaceTools,juliastring/moduleinterfacetools.jl
MolecularGraph,mojaie/moleculargraph.jl
Molly,jgreener64/molly.jl
MomentOpt,lanl-ansi/momentopt.jl
MonadFunctions,tk3369/monadfunctions.jl
Monads,pao/monads.jl
Mongoc,felipenoris/mongoc.jl
MonteCarlo,crstnbr/montecarlo.jl
MonteCarloMeasurements,baggepinnen/montecarlomeasurements.jl
Morse,ai-ku/morse.jl
MortalityTables,juliaactuary/mortalitytables.jl
Morton,janeliascicomp/morton.jl
MosaicViews,juliaarrays/mosaicviews.jl
Mosek,juliaopt/mosek.jl
MosekTools,juliaopt/mosektools.jl
MotionCaptureJointCalibration,juliarobotics/motioncapturejointcalibration.jl
MPBNGCInterface,milzj/mpbngcinterface.jl
MPI,juliaparallel/mpi.jl
MPIArrays,barche/mpiarrays.jl
MPIClusterManagers,juliaparallel/mpiclustermanagers.jl
Mplay,juliamusic/mplay.jl
MRIReco,magneticresonanceimaging/mrireco.jl
MriResearchTools,korbinian90/mriresearchtools.jl
MsgPack,juliaio/msgpack.jl
MTH229,mth229/mth229.jl
MuJoCo,klowrey/mujoco.jl
MuladdMacro,sciml/muladdmacro.jl
MultiAgentAllocationTransit,sisl/multiagentallocationtransit.jl
MultiAgentPathFinding,shushman/multiagentpathfinding.jl
Multigraphs,quantumbfs/multigraphs.jl
Multigrid,juliainv/multigrid.jl
MultiJuMP,anriseth/multijump.jl
MultiModalMuSig,shahcompbio/multimodalmusig.jl
MultipleScattering,juliawavescattering/multiplescattering.jl
MultipleTesting,juliangehring/multipletesting.jl
MultiResolutionIterators,oxinabox/multiresolutioniterators.jl
MultiScaleArrays,sciml/multiscalearrays.jl
Multisets,scheinerman/multisets.jl
MultistartOptimization,tpapp/multistartoptimization.jl
MultivariateAnomalies,milanflach/multivariateanomalies.jl
MultivariateMoments,juliaalgebra/multivariatemoments.jl
MultivariatePolynomials,juliaalgebra/multivariatepolynomials.jl
MultivariateStats,juliastats/multivariatestats.jl
Multivectors,digitaldomain/multivectors.jl
MUMPS,juliasmoothoptimizers/mumps.jl
MusicManipulations,juliamusic/musicmanipulations.jl
MusicVisualizations,juliamusic/musicvisualizations.jl
Mustache,jverzani/mustache.jl
MutableArithmetics,juliaopt/mutablearithmetics.jl
Mux,juliaweb/mux.jl
MyExample,chrisrackauckas/myexample.jl
MySQL,juliadatabases/mysql.jl
Nabla,invenia/nabla.jl
NaiveBayes,dfdx/naivebayes.jl
NaiveGAflux,drchainsaw/naivegaflux.jl
NaiveNASlib,drchainsaw/naivenaslib.jl
NamedArrays,davidavdav/namedarrays.jl
NamedColors,juliagraphics/namedcolors.jl
NamedDims,invenia/nameddims.jl
NamedTupleTools,jeffreysarnoff/namedtupletools.jl
NameResolution,thautwarm/nameresolution.jl
NaNMath,mlubin/nanmath.jl
Nanosoldier,juliaci/nanosoldier.jl
NarmaxLasso,antonior92/narmaxlasso.jl
NativeSVG,benlauwens/nativesvg.jl
NaturallyUnitful,masonprotter/naturallyunitful.jl
Nauty,bovine3dom/nauty.jl
NBodySimulator,sciml/nbodysimulator.jl
NCCL,juliagpu/nccl.jl
NCDatasets,alexander-barth/ncdatasets.jl
NCEI,nosferican/ncei.jl
NCon,mhauru/ncon.jl
NearestNeighborDescent,dillondaudert/nearestneighbordescent.jl
NearestNeighbors,kristofferc/nearestneighbors.jl
Nemo,wbhart/nemo.jl
Neo4j,glesica/neo4j.jl
Neo4jBolt,virtualgraham/neo4jbolt.jl
NES,kraftpunk97/nes.jl
NestedSamplers,turinglang/nestedsamplers.jl
NetCDF,juliageo/netcdf.jl
Nettle,juliacrypto/nettle.jl
NetworkDynamics,fhell/networkdynamics.jl
NetworkInference,tchanders/networkinference.jl
NeuralNetDiffEq,sciml/neuralnetdiffeq.jl
NeuralQuantum,philipvinc/neuralquantum.jl
NeuralQuantumState,mcompen/neuralquantumstate.jl
NeuralVerification,sisl/neuralverification.jl
NewPkgEval,juliacomputing/newpkgeval.jl
NFFT,tknopp/nfft.jl
NIDAQ,janeliascicomp/nidaq.jl
NIfTI,juliaio/nifti.jl
NiLang,giggleliu/nilang.jl
NiLangCore,giggleliu/nilangcore.jl
NIntegration,pabloferz/nintegration.jl
NLopt,juliaopt/nlopt.jl
NLOptControl,juliampc/nloptcontrol.jl
NLPModels,juliasmoothoptimizers/nlpmodels.jl
NLreg,dmbates/nlreg.jl
NLsolve,julianlsolvers/nlsolve.jl
NLSolvers,pkofod/nlsolvers.jl
NLSolversBase,julianlsolvers/nlsolversbase.jl
NMF,juliastats/nmf.jl
NNlib,fluxml/nnlib.jl
NNLS,rdeits/nnls.jl
Node2Vec,ollin18/node2vec.jl
NodeJS,davidanthoff/nodejs.jl
NoiseReduction,ssfrr/noisereduction.jl
NOMAD,bbopt/nomad.jl
NonlinearEigenproblems,nep-pack/nonlineareigenproblems.jl
NonNegLeastSquares,ahwillia/nonnegleastsquares.jl
Notifier,goropikari/notifier.jl
NoveltyColors,randyzwitch/noveltycolors.jl
NPZ,fhs/npz.jl
NRRD,juliaio/nrrd.jl
NSGAII,gsoleilhac/nsgaii.jl
NTFk,tensordecompositions/ntfk.jl
Nuklear,gnimuc/nuklear.jl
Nullables,juliaattic/nullables.jl
NumericalIntegration,dextorious/numericalintegration.jl
NumericIO,ma-laforge/numericio.jl
OAuth,randyzwitch/oauth.jl
ObjectDetector,r3tex/objectdetector.jl
ObjectiveC,juliainterop/objectivec.jl
Observables,juliagizmos/observables.jl
Oceananigans,climate-machine/oceananigans.jl
OceanTurb,glwagner/oceanturb.jl
Octo,wookay/octo.jl
OctTrees,juliageometry/octtrees.jl
ODE,sciml/ode.jl
ODEInterfaceDiffEq,sciml/odeinterfacediffeq.jl
OffsetArrays,juliaarrays/offsetarrays.jl
OhMyLog,oxinabox/ohmylog.jl
OhMyREPL,kristofferc/ohmyrepl.jl
OIFITS,emmt/oifits.jl
OldFinancialMarkets,imanuelcostigan/oldfinancialmarkets.jl
OldImmutableArrays,juliageometry/oldimmutablearrays.jl
OldMeshes,juliageometry/oldmeshes.jl
Omega,zenna/omega.jl
OMEinsum,under-peter/omeinsum.jl
OMETIFF,tlnagy/ometiff.jl
OMJulia,openmodelica/omjulia.jl
Omniscape,circuitscape/omniscape.jl
OmniSci,omnisci/omnisci.jl
Onda,beacon-biosignals/onda.jl
OnePhase,ohinder/onephase.jl
OnlinePCA,rikenbit/onlinepca.jl
OnlineStats,joshday/onlinestats.jl
OnlineStatsBase,joshday/onlinestatsbase.jl
ONNX,fluxml/onnx.jl
ONNXmutable,drchainsaw/onnxmutable.jl
OOPMacro,ipod825/oopmacro.jl
OpenAIGym,juliaml/openaigym.jl
OpenCL,juliagpu/opencl.jl
OpenCV,maxruby/opencv.jl
OpenDSSDirect,dss-extensions/opendssdirect.jl
OpenEphysLoader,galenlynch/openephysloader.jl
Openscad,hydroid7/openscad.jl
OpenSMILES,caseykneale/opensmiles.jl
OpenSoundControl,fundamental/opensoundcontrol.jl
OpenStreetMapPlotter,juliusgeo/openstreetmapplotter.jl
OpenStreetMapX,pszufe/openstreetmapx.jl
OpenStreetMapXPlot,pszufe/openstreetmapxplot.jl
Optim,julianlsolvers/optim.jl
OptimizationProblems,juliasmoothoptimizers/optimizationproblems.jl
OptimKit,jutho/optimkit.jl
OptionalArgChecks,simeonschaub/optionalargchecks.jl
Oracle,felipenoris/oracle.jl
OrderedCollections,juliacollections/orderedcollections.jl
OrdinalMultinomialModels,openmendel/ordinalmultinomialmodels.jl
OrdinaryDiffEq,sciml/ordinarydiffeq.jl
Oscar,oscar-system/oscar.jl
OSQP,oxfordcontrol/osqp.jl
OwnTime,devjac/owntime.jl
PackageCompiler,julialang/packagecompiler.jl
PackageCompilerX,julialang/packagecompilerx.jl
Packing,juliageometry/packing.jl
PaddedMatrices,chriselrod/paddedmatrices.jl
PaddedViews,juliaarrays/paddedviews.jl
PaddleBattle,nhdaly/paddlebattle.jl
Pages,ericforgy/pages.jl
Paillier,hardbyte/paillier.jl
Pajarito,juliaopt/pajarito.jl
PandaRobot,stanfordasl/pandarobot.jl
Pandas,juliapy/pandas.jl
PANOC,kul-forbes/panoc.jl
ParallelDataTransfer,chrisrackauckas/paralleldatatransfer.jl
ParallelKMeans,pydatablog/parallelkmeans.jl
ParameterisedModule,thautwarm/parameterisedmodule.jl
ParameterizedFunctions,sciml/parameterizedfunctions.jl
ParameterJuMP,juliastochopt/parameterjump.jl
Parameters,mauro3/parameters.jl
Parametron,tkoolen/parametron.jl
Pardiso,juliasparse/pardiso.jl
Parquet,juliaio/parquet.jl
ParquetFiles,queryverse/parquetfiles.jl
Parsers,juliadata/parsers.jl
Particles,kleinschmidt/particles.jl
PATH,odow/path.jl
Pathogen,jangevaare/pathogen.jl
PATHSolver,chkwon/pathsolver.jl
PatternDispatch,masonprotter/patterndispatch.jl
patterns,yuehhua/patterns.jl
Pavito,juliaopt/pavito.jl
Pcap,juliaio/pcap.jl
PDESolver,optimaldesignlab/pdesolver.jl
PDFIO,sambitdash/pdfio.jl
PDMats,juliastats/pdmats.jl
Peaks,halleysfifthinc/peaks.jl
PenaltyFunctions,juliaml/penaltyfunctions.jl
PencilFFTs,jipolanco/pencilffts.jl
PEPS,itensor/peps.jl
PerceptualColourMaps,peterkovesi/perceptualcolourmaps.jl
PeriodicTable,juliaphysics/periodictable.jl
Permutations,scheinerman/permutations.jl
Persa,juliarecsys/persa.jl
Persist,eschnett/persist.jl
PersistentCohomology,piever/persistentcohomology.jl
Petri,mehalter/petri.jl
PETSc,juliaparallel/petsc.jl
PETSc2,optimaldesignlab/petsc2.jl
Pfaffian,mishmash/pfaffian.jl
PGFPlots,juliatex/pgfplots.jl
PGFPlotsX,kristofferc/pgfplotsx.jl
PGM,juliastats/pgm.jl
Photometry,juliaastro/photometry.jl
Photon,neurallayer/photon.jl
Phylo,richardreeve/phylo.jl
PhyloNetworks,crsl4/phylonetworks.jl
PhyloPlots,cecileane/phyloplots.jl
PhyloTrees,jangevaare/phylotrees.jl
PhysicalConstants,juliaphysics/physicalconstants.jl
PhysOcean,gher-ulg/physocean.jl
PicoSAT,jakebolewski/picosat.jl
PiCraft,juliaberry/picraft.jl
PiecewiseDeterministicMarkovProcesses,rveltz/piecewisedeterministicmarkovprocesses.jl
PiecewiseLinearOpt,joehuchette/piecewiselinearopt.jl
PiGPIO,juliaberry/pigpio.jl
Pipe,oxinabox/pipe.jl
Pkg,julialang/pkg.jl
PkgBenchmark,juliaci/pkgbenchmark.jl
PkgDashboards,baggepinnen/pkgdashboards.jl
PkgDev,julialang/pkgdev.jl
PkgMirrors,sunoru/pkgmirrors.jl
PkgServer,juliapackaging/pkgserver.jl
PkgSkeleton,tpapp/pkgskeleton.jl
PkgTemplates,invenia/pkgtemplates.jl
PkgUtils,arnavs/pkgutils.jl
Plasmo,jalving/plasmo.jl
PlasmoAlgorithms,bbrunaud/plasmoalgorithms.jl
Playground,rofinn/playground.jl
PlotDocs,juliaplots/plotdocs.jl
Plotly,plotly/plotly.jl
PlotlyBase,sglyon/plotlybase.jl
PlotlyJS,sglyon/plotlyjs.jl
Plots,juliaplots/plots.jl
PlotShapefiles,wedg/plotshapefiles.jl
PlotThemes,juliaplots/plotthemes.jl
PlotUtils,juliaplots/plotutils.jl
PLSRegressor,lalvim/plsregressor.jl
PlugAndPlot,piever/plugandplot.jl
Pluto,fonsp/pluto.jl
PlyIO,juliageometry/plyio.jl
Poirot,mikeinnes/poirot.jl
Poltergeist,wormell/poltergeist.jl
PolyChaos,timueh/polychaos.jl
Polyglot,wavexx/polyglot.jl
Polyhedra,juliapolyhedra/polyhedra.jl
PolyJuMP,juliaopt/polyjump.jl
Polymake,oscar-system/polymake.jl
PolynomialBases,ranocha/polynomialbases.jl
PolynomialRoots,giordano/polynomialroots.jl
Polynomials,juliamath/polynomials.jl
POMCPOW,juliapomdp/pomcpow.jl
POMDPGallery,juliapomdp/pomdpgallery.jl
POMDPs,juliapomdp/pomdps.jl
POMDPSolve,juliapomdp/pomdpsolve.jl
POMDPToolbox,juliapomdp/pomdptoolbox.jl
PooledArrays,juliadata/pooledarrays.jl
Poptart,wookay/poptart.jl
PorousMaterials,simonensemble/porousmaterials.jl
Porta,iamazadi/porta.jl
PortAudio,juliaaudio/portaudio.jl
PosDefManifold,marco-congedo/posdefmanifold.jl
PosDefManifoldML,marco-congedo/posdefmanifoldml.jl
PositiveFactorizations,timholy/positivefactorizations.jl
PotentialFlow,darwindarak/potentialflow.jl
PowerDynamics,juliaenergy/powerdynamics.jl
PowerModels,lanl-ansi/powermodels.jl
PowerModelsAnalytics,lanl-ansi/powermodelsanalytics.jl
PowerModelsAnnex,lanl-ansi/powermodelsannex.jl
PowerModelsDistribution,lanl-ansi/powermodelsdistribution.jl
PowerModelsMLD,lanl-ansi/powermodelsmld.jl
PowerModelsReliability,frederikgeth/powermodelsreliability.jl
PowerModelsRestoration,lanl-ansi/powermodelsrestoration.jl
PowerModelsSecurityConstrained,lanl-ansi/powermodelssecurityconstrained.jl
PowerSimulations,nrel-siip/powersimulations.jl
PowerSystems,nrel-siip/powersystems.jl
PProf,vchuravy/pprof.jl
Preconditioners,mohamed82008/preconditioners.jl
PredictMD,bcbi/predictmd.jl
Presentation,kdheepak/presentation.jl
PressureFieldContact,ryanelandt/pressurefieldcontact.jl
PrettyPrinting,rbt-lang/prettyprinting.jl
PrettyTables,ronisbr/prettytables.jl
Primes,juliamath/primes.jl
PrintLog,innerlee/printlog.jl
PrintTrees,ericforgy/printtrees.jl
PrivateMultiplicativeWeights,mrtzh/privatemultiplicativeweights.jl
ProbabilisticCircuits,juice-jl/probabilisticcircuits.jl
ProbabilityModels,chriselrod/probabilitymodels.jl
Probably,mikeinnes/probably.jl
ProfileVega,davidanthoff/profilevega.jl
ProfileView,timholy/profileview.jl
ProgressBars,cloud-oak/progressbars.jl
ProgressiveHedging,nrel/progressivehedging.jl
ProgressLogging,adamslc/progresslogging.jl
ProgressMeter,timholy/progressmeter.jl
Proj4,juliageo/proj4.jl
PROPACK,juliasmoothoptimizers/propack.jl
ProteinEnsembles,jgreener64/proteinensembles.jl
ProtoBuf,juliaio/protobuf.jl
ProximalAlgorithms,kul-forbes/proximalalgorithms.jl
ProximalOperators,kul-forbes/proximaloperators.jl
ProxSDP,mariohsouto/proxsdp.jl
PseudoArcLengthContinuation,rveltz/pseudoarclengthcontinuation.jl
Pseudoseq,bioinfologics/pseudoseq.jl
Pseudospectra,ralphas/pseudospectra.jl
PSID,aaowens/psid.jl
PtFEM,ptfem/ptfem.jl
Pukeko,iainnz/pukeko.jl
PumasDocs,pumasai/pumasdocs.jl
PWDFT,f-fathurrahman/pwdft.jl
Py2Jl,juliacn/py2jl.jl
PyAMG,cortner/pyamg.jl
PyCall,juliapy/pycall.jl
PyCallUtils,astupidbear/pycallutils.jl
PyPlot,juliapy/pyplot.jl
Python,229668880/python.jl
PythonSyntax,totalverb/pythonsyntax.jl
QHull,juliapolyhedra/qhull.jl
QMC_TFIM,rgmelko/qmc_tfim.jl
QMDP,juliapomdp/qmdp.jl
QML,barche/qml.jl
QPControl,tkoolen/qpcontrol.jl
QPDAS,mfalt/qpdas.jl
QPWalkingControl,tkoolen/qpwalkingcontrol.jl
QRCode,jiegillet/qrcode.jl
QRupdate,mpf/qrupdate.jl
QSimulator,bbn-q/qsimulator.jl
QSWalk,iitis/qswalk.jl
QuadDIRECT,timholy/quaddirect.jl
QuadGK,juliamath/quadgk.jl
Quadmath,juliamath/quadmath.jl
Quadrature,sciml/quadrature.jl
QuAlgorithmZoo,quantumbfs/qualgorithmzoo.jl
Quandl,milktrader/quandl.jl
Quante,jarvist/quante.jl
QuantEcon,quantecon/quantecon.jl
QuantileRegressions,pkofod/quantileregressions.jl
QuantizedArrays,zgornel/quantizedarrays.jl
QuantLib,pazzo83/quantlib.jl
QuantumInfo,bbn-q/quantuminfo.jl
QuantumInformation,iitis/quantuminformation.jl
QuantumLab,vondonnerstein/quantumlab.jl
QuantumLattices,quantum-many-body/quantumlattices.jl
QuantumOptics,qojulia/quantumoptics.jl
QuantumOptics-documentation,qojulia/quantumoptics.jl-documentation
QuantumOpticsBase,qojulia/quantumopticsbase.jl
QuantumPEPS,giggleliu/quantumpeps.jl
QuantumTomography,bbn-q/quantumtomography.jl
QuantumWalk,iitis/quantumwalk.jl
QuartzImageIO,juliaio/quartzimageio.jl
QuasiMonteCarlo,sciml/quasimontecarlo.jl
Quaternions,juliageometry/quaternions.jl
QuBase,juliaattic/qubase.jl
QuDiffEq,quantumbfs/qudiffeq.jl
Query,queryverse/query.jl
QueryOperators,queryverse/queryoperators.jl
Queryverse,queryverse/queryverse.jl
QuickPOMDPs,juliapomdp/quickpomdps.jl
QuickShiftClustering,rened/quickshiftclustering.jl
QuickTypes,cstjean/quicktypes.jl
QuMGAN,frankwswang/qumgan.jl
RadiationSpectra,juliaphysics/radiationspectra.jl
RandomBasedArrays,giordano/randombasedarrays.jl
RandomExtensions,rfourquet/randomextensions.jl
RandomMatrices,juliamath/randommatrices.jl
RandomNumbers,sunoru/randomnumbers.jl
RangeEnclosures,juliareach/rangeenclosures.jl
RationalRoots,jutho/rationalroots.jl
Ratios,timholy/ratios.jl
RAVE,xukai92/rave.jl
RayTraceEllipsoid,juliageometry/raytraceellipsoid.jl
RayTraceGR,eschnett/raytracegr.jl
RayTracer,avik-pal/raytracer.jl
Rayuela,una-dinosauria/rayuela.jl
RBNF,thautwarm/rbnf.jl
RCall,juliainterop/rcall.jl
Rcl,nstiurca/rcl.jl
RData,juliadata/rdata.jl
RDKafka,dfdx/rdkafka.jl
Reachability,juliareach/reachability.jl
Reactive,juliagizmos/reactive.jl
ReactiveBasics,tshort/reactivebasics.jl
ReadOnlyArrays,bkamins/readonlyarrays.jl
ReadStat,queryverse/readstat.jl
ReadWriteDlm2,strickek/readwritedlm2.jl
RealNeuralNetworks,seung-lab/realneuralnetworks.jl
Rebugger,timholy/rebugger.jl
RecipesBase,juliaplots/recipesbase.jl
RecipesPipeline,juliaplots/recipespipeline.jl
Recommendation,takuti/recommendation.jl
RecSys,abhijithch/recsys.jl
RecurrenceAnalysis,juliadynamics/recurrenceanalysis.jl
RecursiveArrayTools,sciml/recursivearraytools.jl
Redis,juliadatabases/redis.jl
Reduce,chakravala/reduce.jl
Redux,gnimuc/redux.jl
Reel,shashi/reel.jl
Reexport,simonster/reexport.jl
Referenceables,tkf/referenceables.jl
ReferenceFrameRotations,juliaspace/referenceframerotations.jl
ReferenceTests,evizero/referencetests.jl
RegionTrees,rdeits/regiontrees.jl
Registrator,juliaregistries/registrator.jl
RegistryCI,juliaregistries/registryci.jl
RegressionTables,jmboehm/regressiontables.jl
RegularExpressions,bramtayl/regularexpressions.jl
RegularizedLeastSquares,tknopp/regularizedleastsquares.jl
Reinforce,juliaml/reinforce.jl
ReinforcementLearning,juliareinforcementlearning/reinforcementlearning.jl
ReinforcementLearningBase,juliareinforcementlearning/reinforcementlearningbase.jl
ReinforcementLearningEnvironments,juliareinforcementlearning/reinforcementlearningenvironments.jl
Remark,piever/remark.jl
Rematch,relationalai-oss/rematch.jl
Remez,simonbyrne/remez.jl
RemoteFiles,helgee/remotefiles.jl
ReplMaker,masonprotter/replmaker.jl
REPLMods,sglyon/replmods.jl
REPLTreeViews,pfitzseb/repltreeviews.jl
RepresentationTheory,dlfivefifty/representationtheory.jl
Requires,juliapackaging/requires.jl
ReservoirComputing,sciml/reservoircomputing.jl
ResourceAdequacy,nrel/resourceadequacy.jl
Restful,ylxdzsw/restful.jl
ResultTypes,iamed2/resulttypes.jl
ResumableFunctions,benlauwens/resumablefunctions.jl
Retriever,weecology/retriever.jl
RetroCap,bcbi/retrocap.jl
ReusePatterns,gcalderone/reusepatterns.jl
ReverseDiff,juliadiff/reversediff.jl
ReverseDiffSparse,mlubin/reversediffsparse.jl
ReversibleTuringMachine,juliareverse/reversibleturingmachine.jl
Revise,timholy/revise.jl
Rewrite,harrisongrodin/rewrite.jl
Rhea,jkrumbiegel/rhea.jl
RHEOS,juliarheology/rheos.jl
RiemannComplexNumbers,scheinerman/riemanncomplexnumbers.jl
RigidBodyDynamics,juliarobotics/rigidbodydynamics.jl
RigidBodyTreeInspector,rdeits/rigidbodytreeinspector.jl
RIM,nantonel/rim.jl
RingBuffers,juliaaudio/ringbuffers.jl
Ripser,mtsch/ripser.jl
RLEVectors,phaverty/rlevectors.jl
RLInterface,juliapomdp/rlinterface.jl
Rmath,juliastats/rmath.jl
RNGTest,andreasnoack/rngtest.jl
RoamesGeometry,fugroroames/roamesgeometry.jl
RoboChariot,juliarobotics/robochariot.jl
RoboticsToolbox,thomper/roboticstoolbox.jl
Robotlib,baggepinnen/robotlib.jl
RobotOS,jdlangs/robotos.jl
RobotOSData,damiendr/robotosdata.jl
RobustAdaptiveMetropolisSampler,anthofflab/robustadaptivemetropolissampler.jl
RobustShortestPath,chkwon/robustshortestpath.jl
ROC,diegozea/roc.jl
ROCArrays,jpsamaroo/rocarrays.jl
Rocket,biaslab/rocket.jl
RollingFunctions,jeffreysarnoff/rollingfunctions.jl
RoME,juliarobotics/rome.jl
ROOT,juliahep/root.jl
RootedTrees,sciml/rootedtrees.jl
Roots,juliamath/roots.jl
Rotations,juliageometry/rotations.jl
RRRMC,carlobaldassi/rrrmc.jl
RRTMGP,climate-machine/rrtmgp.jl
Rsvg,lobingera/rsvg.jl
Rutherford,jkroso/rutherford.jl
Ryu,quinnj/ryu.jl
SAC,anowacki/sac.jl
SaferIntegers,jeffreysarnoff/saferintegers.jl
SafeTestsets,yingboma/safetestsets.jl
Salsa,relationalai-oss/salsa.jl
SampledSignals,juliaaudio/sampledsignals.jl
SARSOP,juliapomdp/sarsop.jl
SASLib,tk3369/saslib.jl
Sass,piever/sass.jl
SatelliteDynamics,sisl/satellitedynamics.jl
SatelliteTasking,sisl/satellitetasking.jl
SatelliteToolbox,juliaspace/satellitetoolbox.jl
SaveREPL,sjkelly/saverepl.jl
ScenTrees,kirui93/scentrees.jl
SchattenNorms,bbn-q/schattennorms.jl
Schemata,jocklawrie/schemata.jl
Schrodinger,jebej/schrodinger.jl
SchwartzSmith,lampspuc/schwartzsmith.jl
ScientificComputingBenchmarks,jonathanbieler/scientificcomputingbenchmarks.jl
ScientificTypes,alan-turing-institute/scientifictypes.jl
ScikitLearn,cstjean/scikitlearn.jl
ScikitLearnBase,cstjean/scikitlearnbase.jl
SCIP,scip-interfaces/scip.jl
SciPyDiffEq,sciml/scipydiffeq.jl
ScoreDrivenModels,lampspuc/scoredrivenmodels.jl
SCS,juliaopt/scs.jl
SDDiP,lkapelevich/sddip.jl
SDDP,odow/sddp.jl
SDPA,juliaopt/sdpa.jl
SDPAFamily,ericphanson/sdpafamily.jl
Seaborn,juliapy/seaborn.jl
SearchLight,genieframework/searchlight.jl
SecureComputation,jiahao/securecomputation.jl
Seis,anowacki/seis.jl
SeisAcoustic,seismicjulia/seisacoustic.jl
SeisIO,jpjones76/seisio.jl
Seismic,seismicjulia/seismic.jl
SeisNoise,tclements/seisnoise.jl
SemanticModels,jpfairbanks/semanticmodels.jl
SemialgebraicSets,juliaalgebra/semialgebraicsets.jl
SemidefiniteOptInterface,juliaopt/semidefiniteoptinterface.jl
SemiringAlgebra,juliacomputing/semiringalgebra.jl
SenseHat,juliaberry/sensehat.jl
SensorFeatureTracking,juliarobotics/sensorfeaturetracking.jl
SententialDecisionDiagrams,pedrozudo/sententialdecisiondiagrams.jl
SentinelMissings,meggart/sentinelmissings.jl
SequentialMonteCarlo,awllee/sequentialmontecarlo.jl
SerialPorts,juliaio/serialports.jl
Setfield,jw3126/setfield.jl
SetProg,blegat/setprog.jl
SExpressions,totalverb/sexpressions.jl
SHA,juliacrypto/sha.jl
ShallowWaters,milankl/shallowwaters.jl
Shapefile,juliageo/shapefile.jl
ShapML,nredell/shapml.jl
Shearlab,arsenal9971/shearlab.jl
Sherlock,caseykneale/sherlock.jl
ShiftedArrays,juliaarrays/shiftedarrays.jl
ShortStrings,xiaodaigh/shortstrings.jl
ShowItLikeYouBuildIt,juliaarrays/showitlikeyoubuildit.jl
Signals,tsurherman/signals.jl
SIMD,eschnett/simd.jl
SIMDArrays,juliablas/simdarrays.jl
SIMDIntrinsics,kristofferc/simdintrinsics.jl
SIMDPirates,chriselrod/simdpirates.jl
SimJulia,benlauwens/simjulia.jl
SimpleContainerGenerator,bcbi/simplecontainergenerator.jl
SimpleDiffEq,sciml/simplediffeq.jl
SimpleDifferentialOperators,quantecon/simpledifferentialoperators.jl
SimpleDirectMediaLayer,jonathanbieler/simpledirectmedialayer.jl
SimpleGraphAlgorithms,scheinerman/simplegraphalgorithms.jl
SimpleGraphs,scheinerman/simplegraphs.jl
SimpleHypergraphs,pszufe/simplehypergraphs.jl
SimpleMock,christopher-dg/simplemock.jl
simpleNN,sairus7/simplenn.jl
SimpleSVMs,matbesancon/simplesvms.jl
SimpleTraits,mauro3/simpletraits.jl
SimpleWeightedGraphs,juliagraphs/simpleweightedgraphs.jl
Simplify,harrisongrodin/simplify.jl
Singular,wbhart/singular.jl
SingularIntegralEquations,juliaapproximation/singularintegralequations.jl
SingularSpectrumAnalysis,baggepinnen/singularspectrumanalysis.jl
SinkhornDistance,currymj/sinkhorndistance.jl
SixelGraphics,olofsen/sixelgraphics.jl
skeleton,tpapp/skeleton.jl
SkyCoords,juliaastro/skycoords.jl
SLDP,bfpc/sldp.jl
SLEEF,musm/sleef.jl
SliceMap,mcabbott/slicemap.jl
SMC,frbny-dsge/smc.jl
SmoothingSplines,nignatiadis/smoothingsplines.jl
SmoothLivePlot,williamjsdavis/smoothliveplot.jl
SMTPClient,aviks/smtpclient.jl
SNAPDatasets,juliagraphs/snapdatasets.jl
SnoopCompile,timholy/snoopcompile.jl
Snopt,byuflowlab/snopt.jl
SnpArrays,openmendel/snparrays.jl
Sobol,stevengj/sobol.jl
SOFA,sisl/sofa.jl
SoftGlobalScope,stevengj/softglobalscope.jl
SoftPosit,milankl/softposit.jl
SolidStateDetectors,juliaphysics/solidstatedetectors.jl
SolveDSGE,rjdennis/solvedsge.jl
SolverBenchmark,juliasmoothoptimizers/solverbenchmark.jl
SolverTools,juliasmoothoptimizers/solvertools.jl
SOM,lisci-lab/som.jl
Sonums,milankl/sonums.jl
SortingLab,xiaodaigh/sortinglab.jl
SortingNetworks,jeffreysarnoff/sortingnetworks.jl
SortingSortingOut,haampie/sortingsortingout.jl
Soss,cscherrer/soss.jl
SossBase,cscherrer/sossbase.jl
Sound,juliaattic/sound.jl
Sounds,haberdashpi/sounds.jl
SourceWalk,mikeinnes/sourcewalk.jl
Sparips,bbrehm/sparips.jl
Spark,dfdx/spark.jl
SparseBlockJacobians,nlw0/sparseblockjacobians.jl
SparseDiffTools,juliadiff/sparsedifftools.jl
SparseFFT,klho/sparsefft.jl
SparseRegression,joshday/sparseregression.jl
SparsityDetection,sciml/sparsitydetection.jl
SpatialEcology,ecojulia/spatialecology.jl
SpatialIndexing,alyst/spatialindexing.jl
SpecialFunctions,juliamath/specialfunctions.jl
SpecializeVarargs,masonprotter/specializevarargs.jl
SpecialMatrices,juliamatrices/specialmatrices.jl
SpecialSets,harrisongrodin/specialsets.jl
Spectra,charlesll/spectra.jl
SpectralClustering,lucianolorenti/spectralclustering.jl
SpectralDistances,baggepinnen/spectraldistances.jl
SpectralMeasures,juliaapproximation/spectralmeasures.jl
SphericalHarmonics,hofmannmartin/sphericalharmonics.jl
SPICE,juliaastro/spice.jl
SpiderMonkey,akaysh/spidermonkey.jl
SpikeSorting,paulmthompson/spikesorting.jl
SpikingNeuralNetworks,astupidbear/spikingneuralnetworks.jl
SpikingNN,darsnack/spikingnn.jl
SpinMonteCarlo,yomichi/spinmontecarlo.jl
Spinnaker,samuelpowell/spinnaker.jl
SplitApplyCombine,juliadata/splitapplycombine.jl
Sputnik,piever/sputnik.jl
SQLite,juliadatabases/sqlite.jl
SQLQuery,yeesian/sqlquery.jl
StackOverflow,logankilpatrick/stackoverflow.jl
StackOverflowGitterNotifier,oxinabox/stackoverflowgitternotifier.jl
StagedFunctions,nhdaly/stagedfunctions.jl
Stan,stanjulia/stan.jl
StataCall,jmboehm/statacall.jl
StateSpaceModels,lampspuc/statespacemodels.jl
StateSpaceRoutines,frbny-dsge/statespaceroutines.jl
StatFiles,queryverse/statfiles.jl
StaticArrays,juliaarrays/staticarrays.jl
StaticCompiler,tshort/staticcompiler.jl
StaticGraphs,juliagraphs/staticgraphs.jl
StaticKernels,stev47/statickernels.jl
StaticLint,julia-vscode/staticlint.jl
StaticNumbers,perrutquist/staticnumbers.jl
StaticOptim,aaowens/staticoptim.jl
StaticPolynomials,juliaalgebra/staticpolynomials.jl
StatisticalRethinking,statisticalrethinkingjulia/statisticalrethinking.jl
Statistics,julialang/statistics.jl
StatProfilerHTML,tkluck/statprofilerhtml.jl
StatsBase,juliastats/statsbase.jl
StatsFuns,juliastats/statsfuns.jl
StatsKit,juliastats/statskit.jl
StatsMakie,juliaplots/statsmakie.jl
StatsModels,juliastats/statsmodels.jl
StatsPlots,juliaplots/statsplots.jl
SteadyStateDiffEq,sciml/steadystatediffeq.jl
SteinDiscrepancy,jgorham/steindiscrepancy.jl
Stheno,willtebbutt/stheno.jl
StochasticDelayDiffEq,sciml/stochasticdelaydiffeq.jl
StochasticDiffEq,sciml/stochasticdiffeq.jl
StochasticPrograms,martinbiel/stochasticprograms.jl
Stochatto,dysonance/stochatto.jl
StochDynamicProgramming,juliastochopt/stochdynamicprogramming.jl
StochOpt,gowerrobert/stochopt.jl
StorageGraphs,sebastianm-c/storagegraphs.jl
Strapping,juliadata/strapping.jl
Strategems,dysonance/strategems.jl
Strided,jutho/strided.jl
StringAnalysis,zgornel/stringanalysis.jl
StringBuilders,davidanthoff/stringbuilders.jl
StringDistances,matthieugomez/stringdistances.jl
StringEncodings,juliastrings/stringencodings.jl
StringLiterals,juliastring/stringliterals.jl
StrPack,pao/strpack.jl
Strs,juliastring/strs.jl
StructArrays,juliaarrays/structarrays.jl
StructDualDynProg,juliastochopt/structdualdynprog.jl
StructJuMP,structjump/structjump.jl
StructsOfArrays,juliaarrays/structsofarrays.jl
StructTypes,juliadata/structtypes.jl
StructuredOptimization,kul-forbes/structuredoptimization.jl
SubClonalSelection,marcjwilliams1/subclonalselection.jl
SubpixelRegistration,romainfr/subpixelregistration.jl
SubsetSelection,jeanpauphilet/subsetselection.jl
SubstitutionModels,biojulia/substitutionmodels.jl
SuffixArrays,juliacollections/suffixarrays.jl
Sugar,simondanisch/sugar.jl
SugarBLAS,lopezm94/sugarblas.jl
SuiteSparse,julialinearalgebra/suitesparse.jl
SuiteSparseGraphBLAS,abhinavmehndiratta/suitesparsegraphblas.jl
SummationByPartsOperators,ranocha/summationbypartsoperators.jl
SumOfSquares,juliaopt/sumofsquares.jl
SumProductNetworks,trappmartin/sumproductnetworks.jl
Sundials,sciml/sundials.jl
Suppressor,juliaio/suppressor.jl
SurfaceTopology,akels/surfacetopology.jl
SurrealNumbers,mroughan/surrealnumbers.jl
SurrogateModelOptim,mrurq/surrogatemodeloptim.jl
Surrogates,sciml/surrogates.jl
Survival,juliastats/survival.jl
SVDD,englhardt/svdd.jl
SVR,madsjulia/svr.jl
Swagger,juliacomputing/swagger.jl
Swank,robblackwell/swank.jl
SweepOperator,joshday/sweepoperator.jl
SwitchOnSafety,blegat/switchonsafety.jl
SX,juliareach/sx.jl
Sym,roger-luo/sym.jl
Symata,jlapeyre/symata.jl
Symbolics,masonprotter/symbolics.jl
SymEngine,symengine/symengine.jl
SymPy,juliapy/sympy.jl
SyntaxTree,chakravala/syntaxtree.jl
SyntheticGrids,invenia/syntheticgrids.jl
TableOperations,juliadata/tableoperations.jl
TableReader,bicycle1885/tablereader.jl
Tables,juliadata/tables.jl
TableSchema,frictionlessdata/tableschema.jl
TableTraits,queryverse/tabletraits.jl
TableView,juliacomputing/tableview.jl
TableWidgets,piever/tablewidgets.jl
TabularDisplay,tk3369/tabulardisplay.jl
Tar,juliaio/tar.jl
Taro,aviks/taro.jl
Tasmanian,floswald/tasmanian.jl
Tau,juliamath/tau.jl
TaylorIntegration,perezhz/taylorintegration.jl
TaylorModels,juliaintervals/taylormodels.jl
TaylorSeries,juliadiff/taylorseries.jl
TcrSimulation,alice-si/tcrsimulation.jl
TDA,wildart/tda.jl
TeaSeis,chevronetc/teaseis.jl
Telegrambot,moelf/telegrambot.jl
Temporal,dysonance/temporal.jl
Tensars,thisrod/tensars.jl
TensorBoardLogger,philipvinc/tensorboardlogger.jl
TensorCast,mcabbott/tensorcast.jl
TensorDecompositions,yunjhongwu/tensordecompositions.jl
TensorFlow,malmaud/tensorflow.jl
TensorFlowDiffEq,sciml/tensorflowdiffeq.jl
TensorKit,jutho/tensorkit.jl
TensorNetworkAD,under-peter/tensornetworkad.jl
TensorOperations,jutho/tensoroperations.jl
Tensors,kristofferc/tensors.jl
TensorToolbox,lanaperisa/tensortoolbox.jl
TerminalExtensions,keno/terminalextensions.jl
TerminalLoggers,c42f/terminalloggers.jl
TerminalMenus,nick-paul/terminalmenus.jl
TerminalRegressionTests,juliadebug/terminalregressiontests.jl
TestImages,juliaimages/testimages.jl
TestSetExtensions,ssfrr/testsetextensions.jl
TetGen,juliageometry/tetgen.jl
Tetris,djsegal/tetris.jl
TexTables,jacobadenbaum/textables.jl
TextAnalysis,juliatext/textanalysis.jl
TextParse,queryverse/textparse.jl
TextUserInterfaces,ronisbr/textuserinterfaces.jl
TextWrap,carlobaldassi/textwrap.jl
ThArrays,turinglang/tharrays.jl
ThinkJulia,benlauwens/thinkjulia.jl
ThreadedIterables,marekdedic/threadediterables.jl
ThreadPools,tro3/threadpools.jl
ThreadSafeDataStructures,juliacollections/threadsafedatastructures.jl
ThreadsX,tkf/threadsx.jl
ThreadTools,baggepinnen/threadtools.jl
ThreeDeconv,computational-imaging/threedeconv.jl
ThreeQ,omalled/threeq.jl
Thrift,tanmaykm/thrift.jl
TikzGraphs,juliatex/tikzgraphs.jl
TikzPictures,juliatex/tikzpictures.jl
TiledIteration,juliaarrays/tilediteration.jl
TimeEvoMPS,orialb/timeevomps.jl
Timelapse,spodzone/timelapse.jl
TimeModels,juliastats/timemodels.jl
TimerOutputs,kristofferc/timeroutputs.jl
TimesDates,jeffreysarnoff/timesdates.jl
TimeSeries,juliastats/timeseries.jl
TimeSeriesClustering,holgerteichgraeber/timeseriesclustering.jl
TimeseriesPrediction,juliadynamics/timeseriesprediction.jl
TimeseriesSurrogates,kahaaga/timeseriessurrogates.jl
TimeWarp,ahwillia/timewarp.jl
TimeZones,juliatime/timezones.jl
TinySegmenter,juliastrings/tinysegmenter.jl
Tk,juliagraphics/tk.jl
TMMOptics,lnacquaroli/tmmoptics.jl
ToeplitzMatrices,juliamatrices/toeplitzmatrices.jl
ToggleableAsserts,masonprotter/toggleableasserts.jl
Tokenize,julialang/tokenize.jl
TOML,julialang/toml.jl
TopicModels,slycoder/topicmodels.jl
TopicModelsVB,ericproffitt/topicmodelsvb.jl
TopOpt,mohamed82008/topopt.jl
TotalLeastSquares,baggepinnen/totalleastsquares.jl
ToyFHE,juliacrypto/toyfhe.jl
TraceGraph,shashikdm/tracegraph.jl
Traceur,junolab/traceur.jl
TrackedDistributions,invenia/trackeddistributions.jl
Tracker,fluxml/tracker.jl
TrafficAssignment,chkwon/trafficassignment.jl
Traits,schlichtanders/traits.jl
TrajectoryOptimization,roboticexplorationlab/trajectoryoptimization.jl
TranscodingStreams,juliaio/transcodingstreams.jl
Transducers,tkf/transducers.jl
Transformers,chengchingwen/transformers.jl
TransformUtils,dehann/transformutils.jl
TransformVariables,tpapp/transformvariables.jl
Transpiler,simondanisch/transpiler.jl
Trapz,francescoalemanno/trapz.jl
TravelingSalesmanHeuristics,evanfields/travelingsalesmanheuristics.jl
Trebuchet,fluxml/trebuchet.jl
TreeView,juliatex/treeview.jl
Trello,oxinabox/trello.jl
TriangleIntersect,juliageometry/triangleintersect.jl
TriangleMesh,konsim83/trianglemesh.jl
TriangularMatrices,chriselrod/triangularmatrices.jl
Triangulate,juliageometry/triangulate.jl
Tricks,oxinabox/tricks.jl
TRS,oxfordcontrol/trs.jl
TSAnalysis,fipelle/tsanalysis.jl
TSML,ibm/tsml.jl
TSVD,julialinearalgebra/tsvd.jl
Tulip,ds4dm/tulip.jl
TupleTools,jutho/tupletools.jl
Turf,philoez98/turf.jl
Turing,turinglang/turing.jl
TuringModels,statisticalrethinkingjulia/turingmodels.jl
Twitter,randyzwitch/twitter.jl
TypedCodeUtils,juliadebug/typedcodeutils.jl
TypedDelegation,jeffreysarnoff/typeddelegation.jl
TypedPolynomials,juliaalgebra/typedpolynomials.jl
TypedTables,juliadata/typedtables.jl
TypeSortedCollections,tkoolen/typesortedcollections.jl
TypographicUnits,mlhetland/typographicunits.jl
UCIData,jackdunnnz/ucidata.jl
UMAP,dillondaudert/umap.jl
UnbalancedOptimalTransport,ericphanson/unbalancedoptimaltransport.jl
UncertainData,kahaaga/uncertaindata.jl
Underscores,c42f/underscores.jl
UnicodeFun,simondanisch/unicodefun.jl
UnicodeGraphics,rafaqz/unicodegraphics.jl
UnicodePlots,evizero/unicodeplots.jl
UniqueVectors,garrison/uniquevectors.jl
Unitful,painterqubits/unitful.jl
UnitfulAngles,yakir12/unitfulangles.jl
UnitfulAstro,juliaastro/unitfulastro.jl
UnitfulPlots,painterqubits/unitfulplots.jl
UnitfulRecipes,jw3126/unitfulrecipes.jl
UniversalTensorBoard,oxinabox/universaltensorboard.jl
Unmarshal,lwabeke/unmarshal.jl
UnPack,mauro3/unpack.jl
Unroll,stephenvavasis/unroll.jl
Unrolled,cstjean/unrolled.jl
UnsafeArrays,juliaarrays/unsafearrays.jl
UnsteadyFlowSolvers,kiranuofg/unsteadyflowsolvers.jl
Unums,juliacomputing/unums.jl
Unwrap,platawiec/unwrap.jl
UProbes,vchuravy/uprobes.jl
UpROOT,juliahep/uproot.jl
URIParser,juliaweb/uriparser.jl
ValidatedNumerics,juliaintervals/validatednumerics.jl
ValueHistories,juliaml/valuehistories.jl
ValueShapes,oschulz/valueshapes.jl
ValueSymbols,eschnett/valuesymbols.jl
VAN,wangleiphy/van.jl
VarianceComponentModels,openmendel/variancecomponentmodels.jl
VariantVisualization,compbiocore/variantvisualization.jl
Varpro,macd/varpro.jl
Vec,sisl/vec.jl
Vecmathlib,eschnett/vecmathlib.jl
VectorAutoregressions,lucabrugnolini/vectorautoregressions.jl
Vectorize,rprechelt/vectorize.jl
VectorizedRoutines,chrisrackauckas/vectorizedroutines.jl
VegaDatasets,queryverse/vegadatasets.jl
VegaLite,queryverse/vegalite.jl
VegaStreams,tkf/vegastreams.jl
VennEuler,juliaplots/venneuler.jl
VersionParsing,stevengj/versionparsing.jl
VersionVigilante,bcbi/versionvigilante.jl
VerTeX,chakravala/vertex.jl
Video4Linux,affie/video4linux.jl
VideoIO,juliaio/videoio.jl
Vimes,mikeinnes/vimes.jl
Vinyl,mikeinnes/vinyl.jl
VISA,painterqubits/visa.jl
ViscousFlow,jdeldre/viscousflow.jl
VisualRegressionTests,juliaplots/visualregressiontests.jl
VMLS,vmls-book/vmls.jl
vOptGeneric,voptsolver/voptgeneric.jl
VoronoiCells,juliageometry/voronoicells.jl
VoronoiDelaunay,juliageometry/voronoidelaunay.jl
VoronoiFVM,j-fu/voronoifvm.jl
VPTrees,julianeighbors/vptrees.jl
VT100,keno/vt100.jl
VTKDataTypes,mohamed82008/vtkdatatypes.jl
Vulkan,juliagpu/vulkan.jl
VulkanCore,juliagpu/vulkancore.jl
Watcher,rened/watcher.jl
WaterFlows,jannefiluren/waterflows.jl
WaterModels,lanl-ansi/watermodels.jl
WAV,dancasimiro/wav.jl
WaveletMatrices,biojulia/waveletmatrices.jl
WCS,juliaastro/wcs.jl
WeakRefStrings,juliadata/weakrefstrings.jl
Weave,junolab/weave.jl
WebAssembly,mikeinnes/webassembly.jl
WebDriver,nosferican/webdriver.jl
WebIO,juliagizmos/webio.jl
WebSockets,juliaweb/websockets.jl
WeightedOnlineStats,gdkrmr/weightedonlinestats.jl
WGAN,knetml/wgan.jl
WGLMakie,juliaplots/wglmakie.jl
WhereTheWaterFlows,mauro3/wherethewaterflows.jl
Whippet,timbitz/whippet.jl
Widgets,piever/widgets.jl
WignerSymbols,jutho/wignersymbols.jl
WinRPM,juliapackaging/winrpm.jl
Winston,juliagraphics/winston.jl
WoodburyMatrices,timholy/woodburymatrices.jl
Word2Vec,juliatext/word2vec.jl
WordNet,juliatext/wordnet.jl
WordTokenizers,juliatext/wordtokenizers.jl
WorldBankData,4gh/worldbankdata.jl
WorldOceanAtlasTools,briochemc/worldoceanatlastools.jl
WriteVTK,jipolanco/writevtk.jl
XDiff,dfdx/xdiff.jl
XGBoost,dmlc/xgboost.jl
XKCD,joshday/xkcd.jl
XLA,juliatpu/xla.jl
XLATools,mikeinnes/xlatools.jl
XLSX,felipenoris/xlsx.jl
XLSXasJSON,devsisters/xlsxasjson.jl
XMLDict,juliacloud/xmldict.jl
Xpress,juliaopt/xpress.jl
XSim,reworkhow/xsim.jl
Xsum,stevengj/xsum.jl
Xtensor,xtensor-stack/xtensor.jl
YAML,biojulia/yaml.jl
Yao,quantumbfs/yao.jl
YaoArrayRegister,quantumbfs/yaoarrayregister.jl
YaoBase,quantumbfs/yaobase.jl
YaoBlocks,quantumbfs/yaoblocks.jl
YaoExtensions,quantumbfs/yaoextensions.jl
YaoFlux,fluxml/yaoflux.jl
YaoQASM,quantumbfs/yaoqasm.jl
YaoTensorNetwork,quantumbfs/yaotensornetwork.jl
YASSAD,roger-luo/yassad.jl
Yeppp,juliamath/yeppp.jl
YOLO,ianshmean/yolo.jl
Yota,dfdx/yota.jl
Zarr,meggart/zarr.jl
ZipFile,fhs/zipfile.jl
ZMQ,juliainterop/zmq.jl
ZOOclient,eyounx/zooclient.jl
Zygote,fluxml/zygote.jl
ZygoteRules,fluxml/zygoterules.jl
